batch_idx,group,rank,Q,R,W,M1,M2,theta_true,theta_est,pred_mu,pred_sigma,actual_y
0,candidate,1,58,87,11,3,2,3.1005841768747144,6.795032937661013,1147069.125,0.0,1000960.0
0,candidate,2,69,93,11,3,2,3.1005841768747144,6.795032937661013,1147006.625,0.0,1123728.0
0,candidate,3,67,94,11,3,2,3.1005841768747144,6.795032937661013,1146729.75,0.0,1127310.0
0,candidate,4,60,87,11,3,2,3.1005841768747144,6.795032937661013,1146631.0,0.0,1022677.0
0,candidate,5,51,95,10,3,2,3.1005841768747144,6.795032937661013,1141769.75,0.0,1073658.0
0,baseline,1,64,90,11,3,2,3.1005841768747144,6.795032937661013,1151826.125,0.0,1072702.0
0,baseline,2,57,91,11,3,2,3.1005841768747144,6.795032937661013,1148794.875,0.0,1062844.0
0,baseline,3,59,93,11,3,2,3.1005841768747144,6.795032937661013,1148783.625,0.0,1098339.0
0,baseline,4,56,94,10,3,2,3.1005841768747144,6.795032937661013,1146001.0,0.0,1146545.0
0,baseline,5,52,91,10,3,2,3.1005841768747144,6.795032937661013,1143635.0,0.0,1040887.0
1,candidate,1,99,95,11,3,3,2.8943161093669585,4.296712193916754,1379451.2922841776,484729.02552089293,1519742.0
1,candidate,2,100,97,14,3,3,2.8943161093669585,4.296712193916754,1290695.12844287,434057.29188131285,1342911.0
1,candidate,3,97,94,13,3,3,2.8943161093669585,4.296712193916754,1285802.7583073517,429646.32421968866,1352083.0
1,candidate,4,98,97,10,2,3,2.8943161093669585,4.296712193916754,1283662.1795562664,426010.67596714647,1514093.0
1,candidate,5,99,75,10,3,3,2.8943161093669585,4.296712193916754,1245350.9244126945,398726.5590322605,1235030.0
1,baseline,1,64,90,11,3,2,2.8943161093669585,4.296712193916754,1151826.125,0.0,1072571.0
1,baseline,2,57,91,11,3,2,2.8943161093669585,4.296712193916754,1148794.875,0.0,1062714.0
1,baseline,3,59,93,11,3,2,2.8943161093669585,4.296712193916754,1148783.625,0.0,1098209.0
1,baseline,4,56,94,10,3,2,2.8943161093669585,4.296712193916754,1146001.0,0.0,1146436.0
1,baseline,5,52,91,10,3,2,2.8943161093669585,4.296712193916754,1143635.0,0.0,1040775.0
2,candidate,1,100,100,10,3,3,3.5123381203546256,3.800611365824702,1649232.5568072826,475230.3288338023,1653839.0
2,candidate,2,100,99,10,3,3,3.5123381203546256,3.800611365824702,1637431.175975125,471759.56798823964,1650475.0
2,candidate,3,100,98,10,3,3,3.5123381203546256,3.800611365824702,1625558.03534316,468341.0431031252,1640775.0
2,candidate,4,100,97,10,3,3,3.5123381203546256,3.800611365824702,1613696.083307135,465012.22673757485,1627927.0
2,candidate,5,100,96,10,3,3,3.5123381203546256,3.800611365824702,1602152.7001764094,461910.6350640572,1609808.0
2,baseline,1,64,90,11,3,2,3.5123381203546256,3.800611365824702,1151826.125,0.0,1072954.0
2,baseline,2,57,91,11,3,2,3.5123381203546256,3.800611365824702,1148794.875,0.0,1063101.0
2,baseline,3,59,93,11,3,2,3.5123381203546256,3.800611365824702,1148783.625,0.0,1098596.0
2,baseline,4,56,94,10,3,2,3.5123381203546256,3.800611365824702,1146001.0,0.0,1146767.0
2,baseline,5,52,91,10,3,2,3.5123381203546256,3.800611365824702,1143635.0,0.0,1041109.0
3,candidate,1,100,100,10,3,3,3.0839200937224316,3.845660654448558,1659902.806270985,446569.1218181919,1653572.0
3,candidate,2,99,100,10,3,3,3.0839200937224316,3.845660654448558,1648254.8747798556,444217.7816400104,1671275.0
3,candidate,3,100,99,10,3,3,3.0839200937224316,3.845660654448558,1648184.9422089853,444148.7092319012,1650209.0
3,candidate,4,98,100,10,3,3,3.0839200937224316,3.845660654448558,1636955.7563396976,442077.2069314412,1654420.0
3,candidate,5,99,99,10,3,3,3.0839200937224316,3.845660654448558,1636616.270566014,441819.31517312035,1651573.0
3,baseline,1,64,90,11,3,2,3.0839200937224316,3.845660654448558,1151826.125,0.0,1072690.0
3,baseline,2,57,91,11,3,2,3.0839200937224316,3.845660654448558,1148794.875,0.0,1062830.0
3,baseline,3,59,93,11,3,2,3.0839200937224316,3.845660654448558,1148783.625,0.0,1098325.0
3,baseline,4,56,94,10,3,2,3.0839200937224316,3.845660654448558,1146001.0,0.0,1146533.0
3,baseline,5,52,91,10,3,2,3.0839200937224316,3.845660654448558,1143635.0,0.0,1040875.0
4,candidate,1,100,100,10,3,3,2.571464501471111,3.9272946865810585,1662768.7726343637,446443.625714146,1653248.0
4,candidate,2,99,100,10,3,3,2.571464501471111,3.9272946865810585,1659005.0795661064,445644.82615746296,1670951.0
4,candidate,3,98,100,10,3,3,2.571464501471111,3.9272946865810585,1655464.1579665549,444958.9577496936,1654104.0
4,candidate,4,100,99,10,3,3,2.571464501471111,3.9272946865810585,1650306.324608581,443924.8059265062,1649885.0
4,candidate,5,99,99,10,3,3,2.571464501471111,3.9272946865810585,1646566.6258966352,443142.3102484673,1651249.0
4,baseline,1,64,90,11,3,2,2.571464501471111,3.9272946865810585,1151826.125,0.0,1072369.0
4,baseline,2,57,91,11,3,2,2.571464501471111,3.9272946865810585,1148794.875,0.0,1062511.0
4,baseline,3,59,93,11,3,2,2.571464501471111,3.9272946865810585,1148783.625,0.0,1098006.0
4,baseline,4,56,94,10,3,2,2.571464501471111,3.9272946865810585,1146001.0,0.0,1146261.0
4,baseline,5,52,91,10,3,2,2.571464501471111,3.9272946865810585,1143635.0,0.0,1040600.0
5,candidate,1,100,100,10,3,3,3.289276043927588,3.862026270147192,1662178.5921676813,446124.7566255671,1653700.0
5,candidate,2,99,100,10,3,3,3.289276043927588,3.862026270147192,1659728.2695351576,445579.8196682239,1671402.0
5,candidate,3,98,100,10,3,3,3.289276043927588,3.862026270147192,1657424.4618043094,445114.577826621,1654551.0
5,candidate,4,100,99,10,3,3,3.289276043927588,3.862026270147192,1649990.4937458802,443666.3620229936,1650336.0
5,candidate,5,99,99,10,3,3,3.289276043927588,3.862026270147192,1647589.65615878,443142.97052600427,1651700.0
5,baseline,1,64,90,11,3,2,3.289276043927588,3.862026270147192,1151826.125,0.0,1072817.0
5,baseline,2,57,91,11,3,2,3.289276043927588,3.862026270147192,1148794.875,0.0,1062961.0
5,baseline,3,59,93,11,3,2,3.289276043927588,3.862026270147192,1148783.625,0.0,1098456.0
5,baseline,4,56,94,10,3,2,3.289276043927588,3.862026270147192,1146001.0,0.0,1146646.0
5,baseline,5,52,91,10,3,2,3.289276043927588,3.862026270147192,1143635.0,0.0,1040988.0
6,candidate,1,100,100,10,3,3,4.04320003610411,3.966409694886078,1661772.5189258733,445908.8393511418,1654173.0
6,candidate,2,99,100,10,3,3,4.04320003610411,3.966409694886078,1660080.6053861105,445504.1631597118,1671877.0
6,candidate,3,98,100,10,3,3,4.04320003610411,3.966409694886078,1658445.8268275517,445152.5627435565,1655025.0
6,candidate,4,100,99,10,3,3,4.04320003610411,3.966409694886078,1649843.8517393577,443500.4047313575,1650810.0
6,candidate,5,99,99,10,3,3,4.04320003610411,3.966409694886078,1648228.644109311,443123.27311796113,1652175.0
6,baseline,1,64,90,11,3,2,4.04320003610411,3.966409694886078,1151826.125,0.0,1073289.0
6,baseline,2,57,91,11,3,2,4.04320003610411,3.966409694886078,1148794.875,0.0,1063429.0
6,baseline,3,59,93,11,3,2,4.04320003610411,3.966409694886078,1148783.625,0.0,1098928.0
6,baseline,4,56,94,10,3,2,4.04320003610411,3.966409694886078,1146001.0,0.0,1147053.0
6,baseline,5,52,91,10,3,2,4.04320003610411,3.966409694886078,1143635.0,0.0,1041395.0
7,candidate,1,100,100,10,3,3,3.7576647705033936,3.9245695537687713,1661636.5425864665,445742.37475046207,1653991.0
7,candidate,2,99,100,10,3,3,3.7576647705033936,3.9245695537687713,1660429.3959861535,445426.76501278946,1671695.0
7,candidate,3,98,100,10,3,3,3.7576647705033936,3.9245695537687713,1659174.2950699332,445137.8268213958,1654845.0
7,candidate,4,100,99,10,3,3,3.7576647705033936,3.9245695537687713,1649902.2339156363,443370.7154444497,1650628.0
7,candidate,5,99,99,10,3,3,3.7576647705033936,3.9245695537687713,1648797.7601144838,443088.29176390317,1651993.0
7,baseline,1,64,90,11,3,2,3.7576647705033936,3.9245695537687713,1151826.125,0.0,1073110.0
7,baseline,2,57,91,11,3,2,3.7576647705033936,3.9245695537687713,1148794.875,0.0,1063252.0
7,baseline,3,59,93,11,3,2,3.7576647705033936,3.9245695537687713,1148783.625,0.0,1098750.0
7,baseline,4,56,94,10,3,2,3.7576647705033936,3.9245695537687713,1146001.0,0.0,1146900.0
7,baseline,5,52,91,10,3,2,3.7576647705033936,3.9245695537687713,1143635.0,0.0,1041242.0
8,candidate,1,100,100,10,3,3,2.437011811354406,4.01576836178806,1661395.2417052598,445612.94415775675,1653166.0
8,candidate,2,99,100,10,3,3,2.437011811354406,4.01576836178806,1660484.8390746901,445349.8752645578,1670868.0
8,candidate,3,98,100,10,3,3,2.437011811354406,4.01576836178806,1659432.5236718052,445091.22233529564,1654016.0
8,candidate,4,100,99,10,3,3,2.437011811354406,4.01576836178806,1649840.0674440067,443274.2836475368,1649802.0
8,candidate,5,99,99,10,3,3,2.437011811354406,4.01576836178806,1649053.495053308,443048.8937355634,1651166.0
8,baseline,1,64,90,11,3,2,2.437011811354406,4.01576836178806,1151826.125,0.0,1072286.0
8,baseline,2,57,91,11,3,2,2.437011811354406,4.01576836178806,1148794.875,0.0,1062429.0
8,baseline,3,59,93,11,3,2,2.437011811354406,4.01576836178806,1148783.625,0.0,1097924.0
8,baseline,4,56,94,10,3,2,2.437011811354406,4.01576836178806,1146001.0,0.0,1146190.0
8,baseline,5,52,91,10,3,2,2.437011811354406,4.01576836178806,1143635.0,0.0,1040529.0
9,candidate,1,100,100,10,3,3,1.987662823163158,3.9737417125752064,1661167.2143259984,445469.7629825844,1652917.0
9,candidate,2,99,100,10,3,3,1.987662823163158,3.9737417125752064,1660475.4252062622,445248.4924297938,1670619.0
9,candidate,3,98,100,10,3,3,1.987662823163158,3.9737417125752064,1659547.4389969935,445010.04564933985,1653768.0
9,candidate,4,100,99,10,3,3,1.987662823163158,3.9737417125752064,1649781.7691587242,443164.2194164445,1649554.0
9,candidate,5,99,99,10,3,3,1.987662823163158,3.9737417125752064,1649230.308654294,442983.9745055826,1650918.0
9,baseline,1,64,90,11,3,2,1.987662823163158,3.9737417125752064,1151826.125,0.0,1072015.0
9,baseline,2,57,91,11,3,2,1.987662823163158,3.9737417125752064,1148794.875,0.0,1062159.0
9,baseline,3,59,93,11,3,2,1.987662823163158,3.9737417125752064,1148783.625,0.0,1097654.0
9,baseline,4,56,94,10,3,2,1.987662823163158,3.9737417125752064,1146001.0,0.0,1145965.0
9,baseline,5,52,91,10,3,2,1.987662823163158,3.9737417125752064,1143635.0,0.0,1040304.0
10,candidate,1,100,100,10,3,3,2.5013804299701183,4.055658855212165,1660902.6515052798,445346.301610251,1653208.0
10,candidate,2,99,100,10,3,3,2.5013804299701183,4.055658855212165,1660376.8057643701,445157.1132554868,1670910.0
10,candidate,3,98,100,10,3,3,2.5013804299701183,4.055658855212165,1659524.1659362318,444930.5726428978,1654059.0
10,candidate,4,100,99,10,3,3,2.5013804299701183,4.055658855212165,1649677.3536379917,443072.0682203823,1649844.0
10,candidate,5,99,99,10,3,3,2.5013804299701183,4.055658855212165,1649304.7095198354,442926.3175555047,1651208.0
10,baseline,1,64,90,11,3,2,2.5013804299701183,4.055658855212165,1151826.125,0.0,1072324.0
10,baseline,2,57,91,11,3,2,2.5013804299701183,4.055658855212165,1148794.875,0.0,1062468.0
10,baseline,3,59,93,11,3,2,2.5013804299701183,4.055658855212165,1148783.625,0.0,1097963.0
10,baseline,4,56,94,10,3,2,2.5013804299701183,4.055658855212165,1146001.0,0.0,1146224.0
10,baseline,5,52,91,10,3,2,2.5013804299701183,4.055658855212165,1143635.0,0.0,1040563.0
11,candidate,1,100,100,10,3,3,3.033060783477795,4.013634617042769,1660706.582496998,445247.6802600854,1653539.0
11,candidate,2,99,100,10,3,3,3.033060783477795,4.013634617042769,1660347.2221615217,445091.9845230894,1671242.0
11,candidate,3,98,100,10,3,3,3.033060783477795,4.013634617042769,1659556.0484740944,444876.0192185639,1654389.0
11,candidate,4,100,99,10,3,3,3.033060783477795,4.013634617042769,1649612.590345116,442999.5638807041,1650176.0
11,candidate,5,99,99,10,3,3,3.033060783477795,4.013634617042769,1649418.3096126583,442889.3434180101,1651540.0
11,baseline,1,64,90,11,3,2,3.033060783477795,4.013634617042769,1151826.125,0.0,1072659.0
11,baseline,2,57,91,11,3,2,3.033060783477795,4.013634617042769,1148794.875,0.0,1062800.0
11,baseline,3,59,93,11,3,2,3.033060783477795,4.013634617042769,1148783.625,0.0,1098295.0
11,baseline,4,56,94,10,3,2,3.033060783477795,4.013634617042769,1146001.0,0.0,1146507.0
11,baseline,5,52,91,10,3,2,3.033060783477795,4.013634617042769,1143635.0,0.0,1040849.0
12,candidate,1,100,100,10,3,3,1.1399753802889325,4.082761943756669,1660642.7685952908,445167.72440533765,1652547.0
12,candidate,2,99,100,10,3,3,1.1399753802889325,4.082761943756669,1660418.228315121,445040.84390206775,1670247.0
12,candidate,3,100,99,10,3,3,1.1399753802889325,4.082761943756669,1649663.9675243604,442943.4681576108,1649184.0
12,candidate,4,99,99,10,3,3,1.1399753802889325,4.082761943756669,1649613.865722381,442863.50311266386,1650546.0
12,candidate,5,99,98,10,3,3,1.1399753802889325,4.082761943756669,1638516.5565788,440628.3949058694,1634286.0
12,baseline,1,64,90,11,3,2,1.1399753802889325,4.082761943756669,1151826.125,0.0,1071596.0
12,baseline,2,57,91,11,3,2,1.1399753802889325,4.082761943756669,1148794.875,0.0,1061740.0
12,baseline,3,59,93,11,3,2,1.1399753802889325,4.082761943756669,1148783.625,0.0,1097236.0
12,baseline,4,56,94,10,3,2,1.1399753802889325,4.082761943756669,1146001.0,0.0,1145642.0
12,baseline,5,52,91,10,3,2,1.1399753802889325,4.082761943756669,1143635.0,0.0,1039981.0
13,candidate,1,99,100,10,3,3,2.824966668853963,4.044739344767228,1660529.3346447884,445015.8380237321,1653947.0
13,candidate,2,100,100,10,3,3,2.824966668853963,4.044739344767228,1660493.9852108613,445088.87204273406,1658335.0
13,candidate,3,99,99,10,3,3,2.824966668853963,4.044739344767228,1649552.3683800208,442804.0446781706,1651409.0
13,candidate,4,100,99,10,3,3,2.824966668853963,4.044739344767228,1649389.8715925792,442840.5902325897,1650045.0
13,candidate,5,99,98,10,3,3,2.824966668853963,4.044739344767228,1638292.9172967335,440535.7053950087,1635149.0
13,baseline,1,64,90,11,3,2,2.824966668853963,4.044739344767228,1151826.125,0.0,1072528.0
13,baseline,2,57,91,11,3,2,2.824966668853963,4.044739344767228,1148794.875,0.0,1062670.0
13,baseline,3,59,93,11,3,2,2.824966668853963,4.044739344767228,1148783.625,0.0,1098165.0
13,baseline,4,56,94,10,3,2,2.824966668853963,4.044739344767228,1146001.0,0.0,1146398.0
13,baseline,5,52,91,10,3,2,2.824966668853963,4.044739344767228,1143635.0,0.0,1040737.0
14,candidate,1,100,100,10,3,3,2.003271242197548,4.10970583112624,1660311.9649656415,445011.4704593326,1652927.0
14,candidate,2,99,100,10,3,3,2.003271242197548,4.10970583112624,1660303.6586363418,444932.2806620922,1670629.0
14,candidate,3,98,100,10,3,3,2.003271242197548,4.10970583112624,1659714.7798443004,444759.3216861095,1653779.0
14,candidate,4,99,99,10,3,3,2.003271242197548,4.10970583112624,1649384.2013811865,442731.9740307932,1650928.0
14,candidate,5,100,99,10,3,3,2.003271242197548,4.10970583112624,1649280.2783769832,442778.5951116295,1649564.0
14,baseline,1,64,90,11,3,2,2.003271242197548,4.10970583112624,1151826.125,0.0,1072024.0
14,baseline,2,57,91,11,3,2,2.003271242197548,4.10970583112624,1148794.875,0.0,1062166.0
14,baseline,3,59,93,11,3,2,2.003271242197548,4.10970583112624,1148783.625,0.0,1097661.0
14,baseline,4,56,94,10,3,2,2.003271242197548,4.10970583112624,1146001.0,0.0,1145971.0
14,baseline,5,52,91,10,3,2,2.003271242197548,4.10970583112624,1143635.0,0.0,1040310.0
15,candidate,1,99,100,10,3,3,2.4141861162372384,4.069860661573301,1660306.7797040767,444896.6547379346,1653693.0
15,candidate,2,100,100,10,3,3,2.4141861162372384,4.069860661573301,1660209.336909174,444951.9023864957,1658081.0
15,candidate,3,98,100,10,3,3,2.4141861162372384,4.069860661573301,1659703.3203146802,444722.1643427745,1654003.0
15,candidate,4,99,99,10,3,3,2.4141861162372384,4.069860661573301,1649480.2928971746,442715.7324310154,1651155.0
15,candidate,5,100,99,10,3,3,2.4141861162372384,4.069860661573301,1649268.589163386,442738.4383867103,1649790.0
15,baseline,1,64,90,11,3,2,2.4141861162372384,4.069860661573301,1151826.125,0.0,1072271.0
15,baseline,2,57,91,11,3,2,2.4141861162372384,4.069860661573301,1148794.875,0.0,1062413.0
15,baseline,3,59,93,11,3,2,2.4141861162372384,4.069860661573301,1148783.625,0.0,1097908.0
15,baseline,4,56,94,10,3,2,2.4141861162372384,4.069860661573301,1146001.0,0.0,1146176.0
15,baseline,5,52,91,10,3,2,2.4141861162372384,4.069860661573301,1143635.0,0.0,1040515.0
16,candidate,1,100,100,10,3,3,2.5645928137141523,4.128815278208906,1660005.5035445413,444887.402691169,1653248.0
16,candidate,2,99,100,10,3,3,2.5645928137141523,4.128815278208906,1659946.873101886,444803.1672284129,1670951.0
16,candidate,3,98,100,10,3,3,2.5645928137141523,4.128815278208906,1659179.8069899245,444597.05029169726,1654097.0
16,candidate,4,99,99,10,3,3,2.5645928137141523,4.128815278208906,1649360.3416703313,442670.52675117925,1651249.0
16,candidate,5,100,99,10,3,3,2.5645928137141523,4.128815278208906,1649280.5553891663,442717.8888284718,1649885.0
16,baseline,1,64,90,11,3,2,2.5645928137141523,4.128815278208906,1151826.125,0.0,1072365.0
16,baseline,2,57,91,11,3,2,2.5645928137141523,4.128815278208906,1148794.875,0.0,1062504.0
16,baseline,3,59,93,11,3,2,2.5645928137141523,4.128815278208906,1148783.625,0.0,1097999.0
16,baseline,4,56,94,10,3,2,2.5645928137141523,4.128815278208906,1146001.0,0.0,1146254.0
16,baseline,5,52,91,10,3,2,2.5645928137141523,4.128815278208906,1143635.0,0.0,1040593.0
17,candidate,1,99,100,10,3,3,2.746959874904676,4.0910413792939,1660002.6955911007,444773.78222861694,1653900.0
17,candidate,2,100,100,10,3,3,2.746959874904676,4.0910413792939,1659940.6751749644,444830.7245662457,1658289.0
17,candidate,3,98,100,10,3,3,2.746959874904676,4.0910413792939,1659233.569679563,444569.3682655028,1654213.0
17,candidate,4,99,99,10,3,3,2.746959874904676,4.0910413792939,1649479.9197010524,442654.9571550533,1651362.0
17,candidate,5,100,99,10,3,3,2.746959874904676,4.0910413792939,1649279.2759537573,442675.5210489393,1649998.0
17,baseline,1,64,90,11,3,2,2.746959874904676,4.0910413792939,1151826.125,0.0,1072478.0
17,baseline,2,57,91,11,3,2,2.746959874904676,4.0910413792939,1148794.875,0.0,1062622.0
17,baseline,3,59,93,11,3,2,2.746959874904676,4.0910413792939,1148783.625,0.0,1098117.0
17,baseline,4,56,94,10,3,2,2.746959874904676,4.0910413792939,1146001.0,0.0,1146356.0
17,baseline,5,52,91,10,3,2,2.746959874904676,4.0910413792939,1143635.0,0.0,1040695.0
18,candidate,1,100,100,10,3,3,3.3293044290993064,4.144705986697968,1659787.8152995305,444786.3665543485,1653724.0
18,candidate,2,99,100,10,3,3,3.3293044290993064,4.144705986697968,1659727.0696227355,444707.17794300744,1671426.0
18,candidate,3,98,100,10,3,3,3.3293044290993064,4.144705986697968,1658825.1363595065,444477.38939759374,1654576.0
18,candidate,4,99,99,10,3,3,3.3293044290993064,4.144705986697968,1649412.3090410908,442630.2221434258,1651724.0
18,candidate,5,100,99,10,3,3,3.3293044290993064,4.144705986697968,1649312.0713867592,442669.0806360951,1650360.0
18,baseline,1,64,90,11,3,2,3.3293044290993064,4.144705986697968,1151826.125,0.0,1072842.0
18,baseline,2,57,91,11,3,2,3.3293044290993064,4.144705986697968,1148794.875,0.0,1062986.0
18,baseline,3,59,93,11,3,2,3.3293044290993064,4.144705986697968,1148783.625,0.0,1098481.0
18,baseline,4,56,94,10,3,2,3.3293044290993064,4.144705986697968,1146001.0,0.0,1146667.0
18,baseline,5,52,91,10,3,2,3.3293044290993064,4.144705986697968,1143635.0,0.0,1041009.0
19,candidate,1,99,100,10,3,3,3.834010695554142,4.094983273038764,1659862.0316011512,444717.2829633873,1654579.0
19,candidate,2,100,100,10,3,3,3.834010695554142,4.094983273038764,1659804.31475083,444770.47196793515,1658967.0
19,candidate,3,98,100,10,3,3,3.834010695554142,4.094983273038764,1658942.962622597,444485.4286003171,1654893.0
19,candidate,4,99,99,10,3,3,3.834010695554142,4.094983273038764,1649590.8705639157,442649.7923747789,1652041.0
19,candidate,5,100,99,10,3,3,3.834010695554142,4.094983273038764,1649373.3086266736,442663.36630895006,1650676.0
19,baseline,1,64,90,11,3,2,3.834010695554142,4.094983273038764,1151826.125,0.0,1073158.0
19,baseline,2,57,91,11,3,2,3.834010695554142,4.094983273038764,1148794.875,0.0,1063295.0
19,baseline,3,59,93,11,3,2,3.834010695554142,4.094983273038764,1148783.625,0.0,1098794.0
19,baseline,4,56,94,10,3,2,3.834010695554142,4.094983273038764,1146001.0,0.0,1146937.0
19,baseline,5,52,91,10,3,2,3.834010695554142,4.094983273038764,1143635.0,0.0,1041279.0
20,candidate,1,99,100,10,3,3,11.397172269644773,4.068505440847089,1659637.544797046,445333.30376917066,1066907.0
20,candidate,2,100,100,10,3,3,11.397172269644773,4.068505440847089,1659604.785302853,445400.16783784144,1066265.0
20,candidate,3,98,100,10,3,3,11.397172269644773,4.068505440847089,1658712.6090681888,445101.111021728,1067322.0
20,candidate,4,99,99,10,3,3,11.397172269644773,4.068505440847089,1649545.5463319786,443301.06531914533,1067120.0
20,candidate,5,100,99,10,3,3,11.397172269644773,4.068505440847089,1649425.0503676755,443343.710585092,1065487.0
20,baseline,1,64,90,11,3,2,11.397172269644773,4.068505440847089,1151826.125,0.0,1085554.0
20,baseline,2,57,91,11,3,2,11.397172269644773,4.068505440847089,1148794.875,0.0,1095729.0
20,baseline,3,59,93,11,3,2,11.397172269644773,4.068505440847089,1148783.625,0.0,1093346.0
20,baseline,4,56,94,10,3,2,11.397172269644773,4.068505440847089,1146001.0,0.0,1096174.0
20,baseline,5,52,91,10,3,2,11.397172269644773,4.068505440847089,1143635.0,0.0,1098106.0
21,candidate,1,100,100,10,3,3,12.593170776439749,12.972579665770938,1624650.3546114336,453365.21482216567,979803.0
21,candidate,2,100,99,10,3,3,12.593170776439749,12.972579665770938,1613967.2545770393,451109.4779965849,979757.0
21,candidate,3,99,100,10,3,3,12.593170776439749,12.972579665770938,1613521.962891302,450940.9047156,981056.0
21,candidate,4,100,98,10,3,3,12.593170776439749,12.972579665770938,1604193.3974276755,449091.14705234347,979848.0
21,candidate,5,98,100,10,3,3,12.593170776439749,12.972579665770938,1603061.1314044811,448729.9882632933,980226.0
21,baseline,1,64,90,11,3,2,12.593170776439749,12.972579665770938,1151826.125,0.0,996355.0
21,baseline,2,57,91,11,3,2,12.593170776439749,12.972579665770938,1148794.875,0.0,1006023.0
21,baseline,3,59,93,11,3,2,12.593170776439749,12.972579665770938,1148783.625,0.0,1003096.0
21,baseline,4,56,94,10,3,2,12.593170776439749,12.972579665770938,1146001.0,0.0,1006033.0
21,baseline,5,52,91,10,3,2,12.593170776439749,12.972579665770938,1143635.0,0.0,1009513.0
22,candidate,1,100,51,13,3,3,10.96784426121071,12.12511965967826,1000774.0287714797,327592.075421275,1042458.0
22,candidate,2,99,57,13,3,3,10.96784426121071,12.12511965967826,996450.4682054458,328306.97556336,1054100.0
22,candidate,3,100,51,10,3,3,10.96784426121071,12.12511965967826,991752.306996317,327476.15590959607,1053665.0
22,candidate,4,99,55,15,3,3,10.96784426121071,12.12511965967826,990961.7535822106,323712.211368565,1044600.0
22,candidate,5,99,95,12,3,2,10.96784426121071,12.12511965967826,986851.4964555707,332308.177077137,1086163.0
22,baseline,1,64,90,11,3,2,10.96784426121071,12.12511965967826,1151826.125,0.0,1120612.0
22,baseline,2,57,91,11,3,2,10.96784426121071,12.12511965967826,1148794.875,0.0,1133259.0
22,baseline,3,59,93,11,3,2,10.96784426121071,12.12511965967826,1148783.625,0.0,1131199.0
22,baseline,4,56,94,10,3,2,10.96784426121071,12.12511965967826,1146001.0,0.0,1134171.0
22,baseline,5,52,91,10,3,2,10.96784426121071,12.12511965967826,1143635.0,0.0,1130141.0
23,candidate,1,100,60,12,3,3,11.781208056074416,12.223636431734526,1039275.8892025473,331632.39603179984,1012638.0
23,candidate,2,100,89,13,3,2,11.781208056074416,12.223636431734526,1037341.0665976848,332511.16298518877,1021939.0
23,candidate,3,100,60,13,3,3,11.781208056074416,12.223636431734526,1037711.2629527111,330979.26137087407,1008054.0
23,candidate,4,100,94,12,3,2,11.781208056074416,12.223636431734526,1036689.7009945936,333247.14429477864,1024842.0
23,candidate,5,100,93,12,3,2,11.781208056074416,12.223636431734526,1036547.7320118498,332996.88394402777,1025038.0
23,baseline,1,64,90,11,3,2,11.781208056074416,12.223636431734526,1151826.125,0.0,1055437.0
23,baseline,2,57,91,11,3,2,11.781208056074416,12.223636431734526,1148794.875,0.0,1065466.0
23,baseline,3,59,93,11,3,2,11.781208056074416,12.223636431734526,1148783.625,0.0,1062997.0
23,baseline,4,56,94,10,3,2,11.781208056074416,12.223636431734526,1146001.0,0.0,1065565.0
23,baseline,5,52,91,10,3,2,11.781208056074416,12.223636431734526,1143635.0,0.0,1068163.0
24,candidate,1,100,89,13,3,2,12.222776145321447,12.351771507149607,1032621.6300653956,326705.13297855074,993786.0
24,candidate,2,100,90,13,3,2,12.222776145321447,12.351771507149607,1032428.2028267568,326769.20658298983,993967.0
24,candidate,3,100,88,13,3,2,12.222776145321447,12.351771507149607,1031794.397471235,326467.6882949098,992094.0
24,candidate,4,100,93,12,3,2,12.222776145321447,12.351771507149607,1031443.7054554814,326819.4741521881,994127.0
24,candidate,5,100,91,13,3,2,12.222776145321447,12.351771507149607,1031442.7163128514,326693.6400019177,993481.0
24,baseline,1,64,90,11,3,2,12.222776145321447,12.351771507149607,1151826.125,0.0,1020632.0
24,baseline,2,57,91,11,3,2,12.222776145321447,12.351771507149607,1148794.875,0.0,1030601.0
24,baseline,3,59,93,11,3,2,12.222776145321447,12.351771507149607,1148783.625,0.0,1027859.0
24,baseline,4,56,94,10,3,2,12.222776145321447,12.351771507149607,1146001.0,0.0,1030584.0
24,baseline,5,52,91,10,3,2,12.222776145321447,12.351771507149607,1143635.0,0.0,1033794.0
25,candidate,1,100,90,13,3,2,11.5752098382087,12.380139888748147,1024154.9845128362,323097.11500501586,1039363.0
25,candidate,2,100,92,12,3,2,11.5752098382087,12.380139888748147,1023311.3906222692,323063.54287504026,1038986.0
25,candidate,3,100,93,12,3,2,11.5752098382087,12.380139888748147,1023247.278202029,323154.1900343284,1038386.0
25,candidate,4,100,94,12,3,2,11.5752098382087,12.380139888748147,1022857.7218855328,323148.42864612205,1038160.0
25,candidate,5,100,91,12,3,2,11.5752098382087,12.380139888748147,1022914.0843967992,322864.4556338345,1037575.0
25,baseline,1,64,90,11,3,2,11.5752098382087,12.380139888748147,1151826.125,0.0,1070972.0
25,baseline,2,57,91,11,3,2,11.5752098382087,12.380139888748147,1148794.875,0.0,1081035.0
25,baseline,3,59,93,11,3,2,11.5752098382087,12.380139888748147,1148783.625,0.0,1078615.0
25,baseline,4,56,94,10,3,2,11.5752098382087,12.380139888748147,1146001.0,0.0,1081383.0
25,baseline,5,52,91,10,3,2,11.5752098382087,12.380139888748147,1143635.0,0.0,1083586.0
26,candidate,1,100,94,12,3,2,10.905200600516952,12.041010837575142,1024360.9994280201,327803.2170630572,1091738.0
26,candidate,2,100,93,12,3,2,10.905200600516952,12.041010837575142,1024312.6180029584,327631.6255944996,1089441.0
26,candidate,3,100,95,12,3,2,10.905200600516952,12.041010837575142,1024174.3944089223,327890.45490383316,1088917.0
26,candidate,4,100,96,12,3,2,10.905200600516952,12.041010837575142,1023809.2499880326,327903.50931081566,1089264.0
26,candidate,5,100,97,12,3,2,10.905200600516952,12.041010837575142,1023272.2104350157,327829.70089497545,1093086.0
26,baseline,1,64,90,11,3,2,10.905200600516952,12.041010837575142,1151826.125,0.0,1125004.0
26,baseline,2,57,91,11,3,2,10.905200600516952,12.041010837575142,1148794.875,0.0,1138095.0
26,baseline,3,59,93,11,3,2,10.905200600516952,12.041010837575142,1148783.625,0.0,1136214.0
26,baseline,4,56,94,10,3,2,10.905200600516952,12.041010837575142,1146001.0,0.0,1139194.0
26,baseline,5,52,91,10,3,2,10.905200600516952,12.041010837575142,1143635.0,0.0,1134918.0
27,candidate,1,100,96,12,3,2,10.762619698993264,11.807405438006978,1035746.8693809918,328326.8888717544,1103449.0
27,candidate,2,100,97,12,3,2,10.762619698993264,11.807405438006978,1035119.786000385,328247.3173777563,1105701.0
27,candidate,3,100,98,12,3,2,10.762619698993264,11.807405438006978,1034265.5647095386,328077.33734252205,1105682.0
27,candidate,4,100,97,11,3,2,10.762619698993264,11.807405438006978,1033825.6263226629,328371.44772742194,1106396.0
27,candidate,5,100,98,11,3,2,10.762619698993264,11.807405438006978,1033409.1257694341,328410.20725919947,1106365.0
27,baseline,1,64,90,11,3,2,10.762619698993264,11.807405438006978,1151826.125,0.0,1137090.0
27,baseline,2,57,91,11,3,2,10.762619698993264,11.807405438006978,1148794.875,0.0,1151337.0
27,baseline,3,59,93,11,3,2,10.762619698993264,11.807405438006978,1148783.625,0.0,1149782.0
27,baseline,4,56,94,10,3,2,10.762619698993264,11.807405438006978,1146001.0,0.0,1152911.0
27,baseline,5,52,91,10,3,2,10.762619698993264,11.807405438006978,1143635.0,0.0,1148032.0
28,candidate,1,100,100,11,3,2,11.133819339466129,11.805598847258775,1044890.5118644881,329832.2243585993,1076682.0
28,candidate,2,100,99,11,3,2,11.133819339466129,11.805598847258775,1044814.2354800105,329716.9886001826,1075220.0
28,candidate,3,100,99,12,3,2,11.133819339466129,11.805598847258775,1043929.122512268,329056.15606972424,1074929.0
28,candidate,4,100,100,12,3,2,11.133819339466129,11.805598847258775,1042893.2794977408,328809.4377300883,1075408.0
28,candidate,5,100,100,10,3,2,11.133819339466129,11.805598847258775,1041738.1445779853,329331.81238047726,1075935.0
28,baseline,1,64,90,11,3,2,11.133819339466129,11.805598847258775,1151826.125,0.0,1106718.0
28,baseline,2,57,91,11,3,2,11.133819339466129,11.805598847258775,1148794.875,0.0,1118070.0
28,baseline,3,59,93,11,3,2,11.133819339466129,11.805598847258775,1148783.625,0.0,1115715.0
28,baseline,4,56,94,10,3,2,11.133819339466129,11.805598847258775,1146001.0,0.0,1118606.0
28,baseline,5,52,91,10,3,2,11.133819339466129,11.805598847258775,1143635.0,0.0,1115063.0
29,candidate,1,98,100,11,3,2,11.67615609877604,11.866823254134324,1096348.8131999779,338819.15783282265,1043392.0
29,candidate,2,99,100,11,3,2,11.67615609877604,11.866823254134324,1094595.1734787151,338420.08541202603,1042944.0
29,candidate,3,100,100,10,3,2,11.67615609877604,11.866823254134324,1092621.9359469642,338412.1228039018,1038323.0
29,candidate,4,100,100,11,3,2,11.67615609877604,11.866823254134324,1092700.9237643639,338027.7389102636,1038323.0
29,candidate,5,99,99,11,3,2,11.67615609877604,11.866823254134324,1090903.4114999499,337553.4842518377,1039714.0
29,baseline,1,64,90,11,3,2,11.67615609877604,11.866823254134324,1151826.125,0.0,1065630.0
29,baseline,2,57,91,11,3,2,11.67615609877604,11.866823254134324,1148794.875,0.0,1075650.0
29,baseline,3,59,93,11,3,2,11.67615609877604,11.866823254134324,1148783.625,0.0,1073183.0
29,baseline,4,56,94,10,3,2,11.67615609877604,11.866823254134324,1146001.0,0.0,1075882.0
29,baseline,5,52,91,10,3,2,11.67615609877604,11.866823254134324,1143635.0,0.0,1078234.0
30,candidate,1,98,100,11,3,2,10.692305453169011,11.78309783245656,1068959.645864273,332350.4961563956,1114569.0
30,candidate,2,98,100,10,3,2,10.692305453169011,11.78309783245656,1068159.2254186755,332232.5892759773,1111451.0
30,candidate,3,99,100,11,3,2,10.692305453169011,11.78309783245656,1067331.9638984753,332019.0962900848,1114440.0
30,candidate,4,99,100,10,3,2,10.692305453169011,11.78309783245656,1066847.6573570217,332004.96125263727,1114702.0
30,candidate,5,100,100,10,3,2,10.692305453169011,11.78309783245656,1065781.3447796763,331852.41050119646,1110311.0
30,baseline,1,64,90,11,3,2,10.692305453169011,11.78309783245656,1151826.125,0.0,1139840.0
30,baseline,2,57,91,11,3,2,10.692305453169011,11.78309783245656,1148794.875,0.0,1154603.0
30,baseline,3,59,93,11,3,2,10.692305453169011,11.78309783245656,1148783.625,0.0,1153186.0
30,baseline,4,56,94,10,3,2,10.692305453169011,11.78309783245656,1146001.0,0.0,1156405.0
30,baseline,5,52,91,10,3,2,10.692305453169011,11.78309783245656,1143635.0,0.0,1151081.0
31,candidate,1,98,100,10,3,2,11.332659540102629,11.808662069111433,1085475.4523866442,335143.09963623126,1066091.0
31,candidate,2,99,100,10,3,2,11.332659540102629,11.808662069111433,1084200.7920810315,334919.30356503214,1065752.0
31,candidate,3,100,100,10,3,2,11.332659540102629,11.808662069111433,1083200.4990776256,334775.05314947653,1060526.0
31,candidate,4,98,100,11,3,2,11.332659540102629,11.808662069111433,1082391.7409861803,334529.278869999,1062842.0
31,candidate,5,99,100,11,3,2,11.332659540102629,11.808662069111433,1080741.6109417677,334193.3212815614,1065752.0
31,baseline,1,64,90,11,3,2,11.332659540102629,11.808662069111433,1151826.125,0.0,1090543.0
31,baseline,2,57,91,11,3,2,11.332659540102629,11.808662069111433,1148794.875,0.0,1100879.0
31,baseline,3,59,93,11,3,2,11.332659540102629,11.808662069111433,1148783.625,0.0,1098480.0
31,baseline,4,56,94,10,3,2,11.332659540102629,11.808662069111433,1146001.0,0.0,1101340.0
31,baseline,5,52,91,10,3,2,11.332659540102629,11.808662069111433,1143635.0,0.0,1097955.0
32,candidate,1,98,100,10,3,2,11.372619992068417,11.84457904768691,1080074.5575023168,341542.5803000303,1062801.0
32,candidate,2,98,100,11,3,2,11.372619992068417,11.84457904768691,1079246.9095290606,341070.1944840783,1059571.0
32,candidate,3,99,100,10,3,2,11.372619992068417,11.84457904768691,1078693.7875610904,341312.436836876,1062428.0
32,candidate,4,100,100,10,3,2,11.372619992068417,11.84457904768691,1077395.1141706724,341099.48215971794,1057228.0
32,candidate,5,99,100,11,3,2,11.372619992068417,11.84457904768691,1077495.88345947,340677.8678799059,1062428.0
32,baseline,1,64,90,11,3,2,11.372619992068417,11.84457904768691,1151826.125,0.0,1087057.0
32,baseline,2,57,91,11,3,2,11.372619992068417,11.84457904768691,1148794.875,0.0,1097222.0
32,baseline,3,59,93,11,3,2,11.372619992068417,11.84457904768691,1148783.625,0.0,1094839.0
32,baseline,4,56,94,10,3,2,11.372619992068417,11.84457904768691,1146001.0,0.0,1097682.0
32,baseline,5,52,91,10,3,2,11.372619992068417,11.84457904768691,1143635.0,0.0,1094366.0
33,candidate,1,97,100,11,3,2,11.932676467748646,12.027379496550537,1077988.426219105,337156.48650165496,1015041.0
33,candidate,2,97,100,10,3,2,11.932676467748646,12.027379496550537,1077750.7518326635,337127.68738045875,1015817.0
33,candidate,3,98,100,10,3,2,11.932676467748646,12.027379496550537,1076314.7094705508,336861.54392913455,1013913.0
33,candidate,4,98,100,11,3,2,11.932676467748646,12.027379496550537,1076302.5978552944,336786.7573686117,1013913.0
33,candidate,5,99,100,10,3,2,11.932676467748646,12.027379496550537,1074962.594321815,336634.2876096501,1015845.0
33,baseline,1,64,90,11,3,2,11.932676467748646,12.027379496550537,1151826.125,0.0,1037289.0
33,baseline,2,57,91,11,3,2,11.932676467748646,12.027379496550537,1148794.875,0.0,1047467.0
33,baseline,3,59,93,11,3,2,11.932676467748646,12.027379496550537,1148783.625,0.0,1044864.0
33,baseline,4,56,94,10,3,2,11.932676467748646,12.027379496550537,1146001.0,0.0,1047504.0
33,baseline,5,52,91,10,3,2,11.932676467748646,12.027379496550537,1143635.0,0.0,1050284.0
34,candidate,1,100,99,12,3,2,11.671727298005072,12.067691987178545,1074322.710262998,334224.7943090624,1040132.0
34,candidate,2,98,99,12,3,2,11.671727298005072,12.067691987178545,1074132.0540395116,334324.84895713424,1038336.0
34,candidate,3,100,100,12,3,2,11.671727298005072,12.067691987178545,1073304.2870333,334015.84486427123,1039227.0
34,candidate,4,98,100,12,3,2,11.671727298005072,12.067691987178545,1073055.0837363326,334103.6155889812,1041385.0
34,candidate,5,97,100,12,3,2,11.671727298005072,12.067691987178545,1072308.3662933,334056.9950548237,1044482.0
34,baseline,1,64,90,11,3,2,11.671727298005072,12.067691987178545,1151826.125,0.0,1066568.0
34,baseline,2,57,91,11,3,2,11.671727298005072,12.067691987178545,1148794.875,0.0,1076601.0
34,baseline,3,59,93,11,3,2,11.671727298005072,12.067691987178545,1148783.625,0.0,1074141.0
34,baseline,4,56,94,10,3,2,11.671727298005072,12.067691987178545,1146001.0,0.0,1076832.0
34,baseline,5,52,91,10,3,2,11.671727298005072,12.067691987178545,1143635.0,0.0,1079179.0
35,candidate,1,97,100,11,3,2,11.784298167231936,12.107068756191653,1066290.5887825256,331993.7868436126,1032161.0
35,candidate,2,98,100,11,3,2,11.784298167231936,12.107068756191653,1065885.3003251941,331891.6848716337,1031083.0
35,candidate,3,97,98,11,3,2,11.784298167231936,12.107068756191653,1065683.9430458231,331751.0819367118,1029322.0
35,candidate,4,99,100,11,3,2,11.784298167231936,12.107068756191653,1065378.594923906,331781.18124021555,1033446.0
35,candidate,5,98,98,11,3,2,11.784298167231936,12.107068756191653,1065252.1137175406,331643.02896418335,1028019.0
35,baseline,1,64,90,11,3,2,11.784298167231936,12.107068756191653,1151826.125,0.0,1055474.0
35,baseline,2,57,91,11,3,2,11.784298167231936,12.107068756191653,1148794.875,0.0,1065519.0
35,baseline,3,59,93,11,3,2,11.784298167231936,12.107068756191653,1148783.625,0.0,1063040.0
35,baseline,4,56,94,10,3,2,11.784298167231936,12.107068756191653,1146001.0,0.0,1065608.0
35,baseline,5,52,91,10,3,2,11.784298167231936,12.107068756191653,1143635.0,0.0,1068218.0
36,candidate,1,100,100,12,3,2,10.976937112465329,12.015768639530826,1056509.7212748453,328736.39373968233,1090254.0
36,candidate,2,100,100,12,2,3,10.976937112465329,12.015768639530826,1032347.3979314928,324472.76683051954,1098093.0
36,candidate,3,100,100,12,3,3,10.976937112465329,12.015768639530826,1002082.1257868474,319516.9621990049,1101000.0
36,candidate,4,100,100,12,2,2,10.976937112465329,12.015768639530826,991804.9274469321,315690.4853806009,1085290.0
36,candidate,5,100,100,10,3,2,10.976937112465329,12.015768639530826,923280.5148046586,383612.5413397584,1089869.0
36,baseline,1,64,90,11,3,2,10.976937112465329,12.015768639530826,1151826.125,0.0,1120716.0
36,baseline,2,57,91,11,3,2,10.976937112465329,12.015768639530826,1148794.875,0.0,1133265.0
36,baseline,3,59,93,11,3,2,10.976937112465329,12.015768639530826,1148783.625,0.0,1131200.0
36,baseline,4,56,94,10,3,2,10.976937112465329,12.015768639530826,1146001.0,0.0,1134166.0
36,baseline,5,52,91,10,3,2,10.976937112465329,12.015768639530826,1143635.0,0.0,1130169.0
37,candidate,1,99,100,12,2,3,11.396309093045785,11.985911278839044,1069021.6174878979,331699.6433349835,1064211.0
37,candidate,2,98,100,12,2,3,11.396309093045785,11.985911278839044,1068887.6315636134,331633.6750151553,1064875.0
37,candidate,3,100,100,12,2,3,11.396309093045785,11.985911278839044,1068789.5073209452,331696.5102787135,1063473.0
37,candidate,4,99,99,12,2,3,11.396309093045785,11.985911278839044,1067372.6524176174,331374.42996594246,1064423.0
37,candidate,5,100,99,12,2,3,11.396309093045785,11.985911278839044,1066886.1125141769,331312.5000940366,1062690.0
37,baseline,1,64,90,11,3,2,11.396309093045785,11.985911278839044,1151826.125,0.0,1085508.0
37,baseline,2,57,91,11,3,2,11.396309093045785,11.985911278839044,1148794.875,0.0,1095671.0
37,baseline,3,59,93,11,3,2,11.396309093045785,11.985911278839044,1148783.625,0.0,1093287.0
37,baseline,4,56,94,10,3,2,11.396309093045785,11.985911278839044,1146001.0,0.0,1096120.0
37,baseline,5,52,91,10,3,2,11.396309093045785,11.985911278839044,1143635.0,0.0,1098051.0
38,candidate,1,100,98,11,3,2,12.127180376049063,12.080236223879366,1067921.053904441,330709.12237784406,1003003.0
38,candidate,2,100,96,11,3,2,12.127180376049063,12.080236223879366,1067449.0296784616,330549.9896161226,999084.0
38,candidate,3,100,99,11,3,2,12.127180376049063,12.080236223879366,1067136.9508969781,330593.7030171234,1002039.0
38,candidate,4,100,100,11,3,2,12.127180376049063,12.080236223879366,1066289.9766820096,330448.9532835046,1002344.0
38,candidate,5,100,95,11,3,2,12.127180376049063,12.080236223879366,1065815.4487049603,330201.2308489441,998937.0
38,baseline,1,64,90,11,3,2,12.127180376049063,12.080236223879366,1151826.125,0.0,1026703.0
38,baseline,2,57,91,11,3,2,12.127180376049063,12.080236223879366,1148794.875,0.0,1036714.0
38,baseline,3,59,93,11,3,2,12.127180376049063,12.080236223879366,1148783.625,0.0,1034020.0
38,baseline,4,56,94,10,3,2,12.127180376049063,12.080236223879366,1146001.0,0.0,1036648.0
38,baseline,5,52,91,10,3,2,12.127180376049063,12.080236223879366,1143635.0,0.0,1039764.0
39,candidate,1,98,100,12,2,3,12.694744916176608,12.192829854933434,1065526.613159432,329857.96913184196,970681.0
39,candidate,2,100,100,12,2,3,12.694744916176608,12.192829854933434,1065118.6345817694,329869.9961567153,968763.0
39,candidate,3,98,99,12,2,3,12.694744916176608,12.192829854933434,1063992.912222697,329549.43699472235,969550.0
39,candidate,4,100,99,12,2,3,12.694744916176608,12.192829854933434,1063071.4791213956,329454.7642232614,968854.0
39,candidate,5,98,100,11,2,3,12.694744916176608,12.192829854933434,1062536.8792184065,329377.2263964553,969251.0
39,baseline,1,64,90,11,3,2,12.694744916176608,12.192829854933434,1151826.125,0.0,987576.0
39,baseline,2,57,91,11,3,2,12.694744916176608,12.192829854933434,1148794.875,0.0,997146.0
39,baseline,3,59,93,11,3,2,12.694744916176608,12.192829854933434,1148783.625,0.0,994133.0
39,baseline,4,56,94,10,3,2,12.694744916176608,12.192829854933434,1146001.0,0.0,997171.0
39,baseline,5,52,91,10,3,2,12.694744916176608,12.192829854933434,1143635.0,0.0,1000736.0
40,candidate,1,99,51,12,3,3,18.992747574316702,14.113818989116359,1057084.6735858095,331849.2092747966,640996.0
40,candidate,2,99,52,12,3,3,18.992747574316702,14.113818989116359,1056954.3695652233,332080.68386179383,640359.0
40,candidate,3,99,53,12,3,3,18.992747574316702,14.113818989116359,1056459.571144966,332201.6277534402,639136.0
40,candidate,4,99,54,12,3,3,18.992747574316702,14.113818989116359,1055670.7618547527,332231.87270767073,638920.0
40,candidate,5,100,50,13,3,3,18.992747574316702,14.113818989116359,1056101.7258799807,330745.09239163826,640046.0
40,baseline,1,64,90,11,3,2,18.992747574316702,14.113818989116359,1151826.125,0.0,642678.0
40,baseline,2,57,91,11,3,2,18.992747574316702,14.113818989116359,1148794.875,0.0,647701.0
40,baseline,3,59,93,11,3,2,18.992747574316702,14.113818989116359,1148783.625,0.0,644840.0
40,baseline,4,56,94,10,3,2,18.992747574316702,14.113818989116359,1146001.0,0.0,647384.0
40,baseline,5,52,91,10,3,2,18.992747574316702,14.113818989116359,1143635.0,0.0,651253.0
41,candidate,1,99,98,10,2,2,21.21113901979125,22.260612643027727,1016103.8576053893,350826.056182211,552691.0
41,candidate,2,97,100,10,3,2,21.21113901979125,22.260612643027727,1014496.8278727108,350225.6615975061,554084.0
41,candidate,3,98,98,11,2,2,21.21113901979125,22.260612643027727,1009754.5612427838,348515.41994901997,553278.0
41,candidate,4,99,93,12,3,2,21.21113901979125,22.260612643027727,1010122.1532198075,346789.4085465265,553918.0
41,candidate,5,97,100,10,2,3,21.21113901979125,22.260612643027727,1008198.3163040373,345685.3106383081,554870.0
41,baseline,1,64,90,11,3,2,21.21113901979125,22.260612643027727,1151826.125,0.0,579717.0
41,baseline,2,57,91,11,3,2,21.21113901979125,22.260612643027727,1148794.875,0.0,576445.0
41,baseline,3,59,93,11,3,2,21.21113901979125,22.260612643027727,1148783.625,0.0,574422.0
41,baseline,4,56,94,10,3,2,21.21113901979125,22.260612643027727,1146001.0,0.0,575778.0
41,baseline,5,52,91,10,3,2,21.21113901979125,22.260612643027727,1143635.0,0.0,579334.0
42,candidate,1,55,84,11,3,1,21.076700339025844,21.728821441122342,574190.2166740005,241566.21154743154,557879.0
42,candidate,2,54,88,12,3,1,21.076700339025844,21.728821441122342,574028.0224845493,241532.35910462003,557445.0
42,candidate,3,54,86,12,3,1,21.076700339025844,21.728821441122342,573979.4692712623,241524.000254807,558174.0
42,candidate,4,53,91,10,3,1,21.076700339025844,21.728821441122342,573954.4284557836,241512.73566826325,557230.0
42,candidate,5,53,86,10,3,1,21.076700339025844,21.728821441122342,573877.2127728431,241500.13309578068,558658.0
42,baseline,1,64,90,11,3,2,21.076700339025844,21.728821441122342,1151826.125,0.0,583863.0
42,baseline,2,57,91,11,3,2,21.076700339025844,21.728821441122342,1148794.875,0.0,580592.0
42,baseline,3,59,93,11,3,2,21.076700339025844,21.728821441122342,1148783.625,0.0,578573.0
42,baseline,4,56,94,10,3,2,21.076700339025844,21.728821441122342,1146001.0,0.0,579940.0
42,baseline,5,52,91,10,3,2,21.076700339025844,21.728821441122342,1143635.0,0.0,583701.0
43,candidate,1,62,98,10,3,1,20.62504912056034,21.319317327934833,579201.3055944893,236430.12146084715,565108.0
43,candidate,2,62,100,10,3,1,20.62504912056034,21.319317327934833,579131.5809495773,236419.88017449135,563835.0
43,candidate,3,63,97,11,3,1,20.62504912056034,21.319317327934833,579129.8609321634,236412.68514630885,564522.0
43,candidate,4,60,87,10,3,1,20.62504912056034,21.319317327934833,579040.2195222441,236386.1557929002,569549.0
43,candidate,5,64,87,12,3,1,20.62504912056034,21.319317327934833,578904.5054183113,236361.16344022084,573370.0
43,baseline,1,64,90,11,3,2,20.62504912056034,21.319317327934833,1151826.125,0.0,599474.0
43,baseline,2,57,91,11,3,2,20.62504912056034,21.319317327934833,1148794.875,0.0,596212.0
43,baseline,3,59,93,11,3,2,20.62504912056034,21.319317327934833,1148783.625,0.0,594130.0
43,baseline,4,56,94,10,3,2,20.62504912056034,21.319317327934833,1146001.0,0.0,595660.0
43,baseline,5,52,91,10,3,2,20.62504912056034,21.319317327934833,1143635.0,0.0,600031.0
44,candidate,1,55,100,11,3,1,20.211564504263443,20.964909915087333,590568.6019004887,237254.0021605807,580178.0
44,candidate,2,54,96,11,3,1,20.211564504263443,20.964909915087333,589496.4082833842,237027.05059127684,582366.0
44,candidate,3,55,91,10,3,1,20.211564504263443,20.964909915087333,589391.8454542903,237000.82267798844,582805.0
44,candidate,4,55,93,11,3,1,20.211564504263443,20.964909915087333,589192.2980584775,236959.4869309954,581955.0
44,candidate,5,55,90,10,3,1,20.211564504263443,20.964909915087333,589147.2515906566,236950.93093070958,582953.0
44,baseline,1,64,90,11,3,2,20.211564504263443,20.964909915087333,1151826.125,0.0,612323.0
44,baseline,2,57,91,11,3,2,20.211564504263443,20.964909915087333,1148794.875,0.0,609234.0
44,baseline,3,59,93,11,3,2,20.211564504263443,20.964909915087333,1148783.625,0.0,607024.0
44,baseline,4,56,94,10,3,2,20.211564504263443,20.964909915087333,1146001.0,0.0,608793.0
44,baseline,5,52,91,10,3,2,20.211564504263443,20.964909915087333,1143635.0,0.0,613432.0
45,candidate,1,60,100,10,3,1,19.748861748370857,20.683627954843754,594022.2342781624,236880.33262314368,586544.0
45,candidate,2,57,100,10,3,1,19.748861748370857,20.683627954843754,594014.5941144148,236725.98026501076,588555.0
45,candidate,3,61,100,10,3,1,19.748861748370857,20.683627954843754,593922.9683235739,236860.59771749517,586113.0
45,candidate,4,58,100,10,3,1,19.748861748370857,20.683627954843754,593926.6776671536,236708.0955355777,587694.0
45,candidate,5,60,99,10,3,1,19.748861748370857,20.683627954843754,593874.1810407933,236848.5058121942,586804.0
45,baseline,1,64,90,11,3,2,19.748861748370857,20.683627954843754,1151826.125,0.0,617187.0
45,baseline,2,57,91,11,3,2,19.748861748370857,20.683627954843754,1148794.875,0.0,620817.0
45,baseline,3,59,93,11,3,2,19.748861748370857,20.683627954843754,1148783.625,0.0,618395.0
45,baseline,4,56,94,10,3,2,19.748861748370857,20.683627954843754,1146001.0,0.0,620578.0
45,baseline,5,52,91,10,3,2,19.748861748370857,20.683627954843754,1143635.0,0.0,625042.0
46,candidate,1,54,100,10,3,1,21.166416546829566,20.756678675335795,609554.0399783958,239667.04861828496,549453.0
46,candidate,2,53,100,10,3,1,21.166416546829566,20.756678675335795,609431.8435390397,239648.65757049376,550353.0
46,candidate,3,52,100,10,3,1,21.166416546829566,20.756678675335795,609284.1837608102,239626.34103566816,551009.0
46,candidate,4,54,99,10,3,1,21.166416546829566,20.756678675335795,608582.3736731705,239465.17784207352,549682.0
46,candidate,5,53,99,10,3,1,21.166416546829566,20.756678675335795,608459.9016594017,239446.51697307485,550501.0
46,baseline,1,64,90,11,3,2,21.166416546829566,20.756678675335795,1151826.125,0.0,580366.0
46,baseline,2,57,91,11,3,2,21.166416546829566,20.756678675335795,1148794.875,0.0,577103.0
46,baseline,3,59,93,11,3,2,21.166416546829566,20.756678675335795,1148783.625,0.0,575085.0
46,baseline,4,56,94,10,3,2,21.166416546829566,20.756678675335795,1146001.0,0.0,576449.0
46,baseline,5,52,91,10,3,2,21.166416546829566,20.756678675335795,1143635.0,0.0,580013.0
47,candidate,1,53,100,10,3,1,21.568206653159972,20.923295007286843,596520.2052286435,238134.11492987385,543688.0
47,candidate,2,52,100,10,3,1,21.568206653159972,20.923295007286843,596502.1300076669,238131.3594836139,544275.0
47,candidate,3,51,100,10,3,1,21.568206653159972,20.923295007286843,596479.57853887,238127.90642598132,544567.0
47,candidate,4,50,100,10,3,1,21.568206653159972,20.923295007286843,596452.5890152805,238123.76492488582,545581.0
47,candidate,5,53,99,10,3,1,21.568206653159972,20.923295007286843,596358.57104096,238099.99447613859,543948.0
47,baseline,1,64,90,11,3,2,21.568206653159972,20.923295007286843,1151826.125,0.0,570744.0
47,baseline,2,57,91,11,3,2,21.568206653159972,20.923295007286843,1148794.875,0.0,567506.0
47,baseline,3,59,93,11,3,2,21.568206653159972,20.923295007286843,1148783.625,0.0,565504.0
47,baseline,4,56,94,10,3,2,21.568206653159972,20.923295007286843,1146001.0,0.0,566839.0
47,baseline,5,52,91,10,3,2,21.568206653159972,20.923295007286843,1143635.0,0.0,570089.0
48,candidate,1,53,100,10,3,1,21.4413078958929,20.947493854127785,591941.5956244842,236070.85245014218,547162.0
48,candidate,2,53,99,10,3,1,21.4413078958929,20.947493854127785,591915.4297970847,236064.93257157857,547416.0
48,candidate,3,52,100,10,3,1,21.4413078958929,20.947493854127785,591914.931050069,236065.8832736683,547775.0
48,candidate,4,52,99,10,3,1,21.4413078958929,20.947493854127785,591888.7548332103,236059.95881137653,547917.0
48,candidate,5,51,100,10,3,1,21.4413078958929,20.947493854127785,591885.6005499972,236060.49634776174,548126.0
48,baseline,1,64,90,11,3,2,21.4413078958929,20.947493854127785,1151826.125,0.0,574435.0
48,baseline,2,57,91,11,3,2,21.4413078958929,20.947493854127785,1148794.875,0.0,571177.0
48,baseline,3,59,93,11,3,2,21.4413078958929,20.947493854127785,1148783.625,0.0,569174.0
48,baseline,4,56,94,10,3,2,21.4413078958929,20.947493854127785,1146001.0,0.0,570524.0
48,baseline,5,52,91,10,3,2,21.4413078958929,20.947493854127785,1143635.0,0.0,573808.0
49,candidate,1,62,96,10,3,1,21.052083011787495,20.980691049151762,590576.1173921847,235367.77170419705,559608.0
49,candidate,2,63,99,12,3,1,21.052083011787495,20.980691049151762,590556.4806195722,235370.2750742188,558270.0
49,candidate,3,61,96,11,3,1,21.052083011787495,20.980691049151762,590516.4009581653,235355.49522361782,553873.0
49,candidate,4,63,86,10,3,1,21.052083011787495,20.980691049151762,590471.5949506041,235354.86273000925,562018.0
49,candidate,5,63,99,13,3,1,21.052083011787495,20.980691049151762,590454.9408898357,235358.06079542715,558270.0
49,baseline,1,64,90,11,3,2,21.052083011787495,20.980691049151762,1151826.125,0.0,585535.0
49,baseline,2,57,91,11,3,2,21.052083011787495,20.980691049151762,1148794.875,0.0,582251.0
49,baseline,3,59,93,11,3,2,21.052083011787495,20.980691049151762,1148783.625,0.0,580223.0
49,baseline,4,56,94,10,3,2,21.052083011787495,20.980691049151762,1146001.0,0.0,581614.0
49,baseline,5,52,91,10,3,2,21.052083011787495,20.980691049151762,1143635.0,0.0,585516.0
50,candidate,1,55,98,10,3,1,20.285904328527163,20.825850057573245,591840.5128357142,235433.68928676718,579007.0
50,candidate,2,55,97,10,3,1,20.285904328527163,20.825850057573245,591840.3480875117,235433.45307377356,579296.0
50,candidate,3,55,99,10,3,1,20.285904328527163,20.825850057573245,591839.3688861475,235433.7823880379,578800.0
50,candidate,4,55,100,10,3,1,20.285904328527163,20.825850057573245,591836.9184244212,235433.73266675475,578288.0
50,candidate,5,55,90,10,3,1,20.285904328527163,20.825850057573245,591802.5011319525,235427.77840785767,581280.0
50,baseline,1,64,90,11,3,2,20.285904328527163,20.825850057573245,1151826.125,0.0,610554.0
50,baseline,2,57,91,11,3,2,20.285904328527163,20.825850057573245,1148794.875,0.0,607457.0
50,baseline,3,59,93,11,3,2,20.285904328527163,20.825850057573245,1148783.625,0.0,605268.0
50,baseline,4,56,94,10,3,2,20.285904328527163,20.825850057573245,1146001.0,0.0,606942.0
50,baseline,5,52,91,10,3,2,20.285904328527163,20.825850057573245,1143635.0,0.0,611592.0
51,candidate,1,66,91,10,3,1,19.033345094174262,20.619119063651862,591282.9796763202,235180.84443947105,606449.0
51,candidate,2,63,89,10,3,1,19.033345094174262,20.619119063651862,591273.8550231014,235178.0960880066,608866.0
51,candidate,3,66,84,10,3,1,19.033345094174262,20.619119063651862,591162.4741960985,235164.27868485733,608262.0
51,candidate,4,62,90,11,3,1,19.033345094174262,20.619119063651862,591053.9158592011,235132.13706330815,609313.0
51,candidate,5,66,90,11,3,1,19.033345094174262,20.619119063651862,591031.7409771178,235130.63321098872,606669.0
51,baseline,1,64,90,11,3,2,19.033345094174262,20.619119063651862,1151826.125,0.0,641768.0
51,baseline,2,57,91,11,3,2,19.033345094174262,20.619119063651862,1148794.875,0.0,646744.0
51,baseline,3,59,93,11,3,2,19.033345094174262,20.619119063651862,1148783.625,0.0,643883.0
51,baseline,4,56,94,10,3,2,19.033345094174262,20.619119063651862,1146001.0,0.0,646451.0
51,baseline,5,52,91,10,3,2,19.033345094174262,20.619119063651862,1143635.0,0.0,650322.0
52,candidate,1,56,53,10,3,1,19.996436693503934,20.573718135430845,604917.4242166982,238182.64798427882,599763.0
52,candidate,2,56,54,11,3,1,19.996436693503934,20.573718135430845,604471.2953236069,238081.1837245676,599420.0
52,candidate,3,52,55,10,3,1,19.996436693503934,20.573718135430845,603961.788245011,237974.62729697736,600924.0
52,candidate,4,52,58,10,3,1,19.996436693503934,20.573718135430845,603845.9612424589,237923.86017795914,600081.0
52,candidate,5,52,60,10,3,1,19.996436693503934,20.573718135430845,603744.5744707086,237885.72342167242,599504.0
52,baseline,1,64,90,11,3,2,19.996436693503934,20.573718135430845,1151826.125,0.0,611443.0
52,baseline,2,57,91,11,3,2,19.996436693503934,20.573718135430845,1148794.875,0.0,614906.0
52,baseline,3,59,93,11,3,2,19.996436693503934,20.573718135430845,1148783.625,0.0,612603.0
52,baseline,4,56,94,10,3,2,19.996436693503934,20.573718135430845,1146001.0,0.0,614565.0
52,baseline,5,52,91,10,3,2,19.996436693503934,20.573718135430845,1143635.0,0.0,619169.0
53,candidate,1,52,96,10,3,1,20.52517994806107,20.57598331840169,603477.2860870619,237436.54699961215,574701.0
53,candidate,2,52,82,10,3,1,20.52517994806107,20.57598331840169,603422.2686872333,237427.3563354552,578884.0
53,candidate,3,52,94,11,3,1,20.52517994806107,20.57598331840169,603411.4923662796,237423.11451693825,574899.0
53,candidate,4,52,76,11,3,1,20.52517994806107,20.57598331840169,603273.5194937455,237401.3524868159,580961.0
53,candidate,5,50,90,13,3,1,20.52517994806107,20.57598331840169,603203.8087276814,237387.56191772476,577619.0
53,baseline,1,64,90,11,3,2,20.52517994806107,20.57598331840169,1151826.125,0.0,602301.0
53,baseline,2,57,91,11,3,2,20.52517994806107,20.57598331840169,1148794.875,0.0,599085.0
53,baseline,3,59,93,11,3,2,20.52517994806107,20.57598331840169,1148783.625,0.0,596977.0
53,baseline,4,56,94,10,3,2,20.52517994806107,20.57598331840169,1146001.0,0.0,598533.0
53,baseline,5,52,91,10,3,2,20.52517994806107,20.57598331840169,1143635.0,0.0,603000.0
54,candidate,1,100,80,11,2,3,18.969310829000356,20.403470360808612,596247.5155080293,234642.2029818783,631467.0
54,candidate,2,61,94,10,3,1,18.969310829000356,20.403470360808612,595888.7510270604,235789.35118617048,611858.0
54,candidate,3,61,100,10,3,1,18.969310829000356,20.403470360808612,595843.2605617183,235782.08172711122,609331.0
54,candidate,4,60,86,11,3,1,18.969310829000356,20.403470360808612,595811.7326882328,235774.51602708842,615149.0
54,candidate,5,65,86,11,3,1,18.969310829000356,20.403470360808612,595808.6341143787,235775.9534531597,611037.0
54,baseline,1,64,90,11,3,2,18.969310829000356,20.403470360808612,1151826.125,0.0,643704.0
54,baseline,2,57,91,11,3,2,18.969310829000356,20.403470360808612,1148794.875,0.0,648722.0
54,baseline,3,59,93,11,3,2,18.969310829000356,20.403470360808612,1148783.625,0.0,645855.0
54,baseline,4,56,94,10,3,2,18.969310829000356,20.403470360808612,1146001.0,0.0,648397.0
54,baseline,5,52,91,10,3,2,18.969310829000356,20.403470360808612,1143635.0,0.0,652262.0
55,candidate,1,100,84,10,2,3,20.316097648145607,20.459034042239523,612387.6817596477,238053.0236212121,586450.0
55,candidate,2,98,89,10,2,3,20.316097648145607,20.459034042239523,612304.7848546294,238094.56729106256,587255.0
55,candidate,3,100,86,11,2,3,20.316097648145607,20.459034042239523,611213.6200096521,237867.32856854954,586230.0
55,candidate,4,100,81,10,2,3,20.316097648145607,20.459034042239523,611225.4864651443,237809.9641203283,587224.0
55,candidate,5,100,80,10,2,3,20.316097648145607,20.459034042239523,610824.1908494848,237729.518161978,587840.0
55,baseline,1,64,90,11,3,2,20.316097648145607,20.459034042239523,1151826.125,0.0,609516.0
55,baseline,2,57,91,11,3,2,20.316097648145607,20.459034042239523,1148794.875,0.0,606420.0
55,baseline,3,59,93,11,3,2,20.316097648145607,20.459034042239523,1148783.625,0.0,604225.0
55,baseline,4,56,94,10,3,2,20.316097648145607,20.459034042239523,1146001.0,0.0,605912.0
55,baseline,5,52,91,10,3,2,20.316097648145607,20.459034042239523,1143635.0,0.0,610559.0
56,candidate,1,53,96,10,3,1,20.343890955857784,20.42054280510598,600498.4289045824,236803.37455458692,578272.0
56,candidate,2,56,93,12,3,1,20.343890955857784,20.42054280510598,600476.4180437778,236801.16241880084,576840.0
56,candidate,3,56,87,11,3,1,20.343890955857784,20.42054280510598,600475.6990701726,236798.73343204623,578712.0
56,candidate,4,55,86,10,3,1,20.343890955857784,20.42054280510598,600468.1472745164,236797.68884227,579970.0
56,candidate,5,53,94,11,3,1,20.343890955857784,20.42054280510598,600442.906505559,236791.8828202773,578920.0
56,baseline,1,64,90,11,3,2,20.343890955857784,20.42054280510598,1151826.125,0.0,607622.0
56,baseline,2,57,91,11,3,2,20.343890955857784,20.42054280510598,1148794.875,0.0,604496.0
56,baseline,3,59,93,11,3,2,20.343890955857784,20.42054280510598,1148783.625,0.0,602324.0
56,baseline,4,56,94,10,3,2,20.343890955857784,20.42054280510598,1146001.0,0.0,603980.0
56,baseline,5,52,91,10,3,2,20.343890955857784,20.42054280510598,1143635.0,0.0,608626.0
57,candidate,1,70,91,11,3,1,20.556834179170295,20.435934591377087,598720.9601913493,236204.49686288356,570517.0
57,candidate,2,69,95,11,3,1,20.556834179170295,20.435934591377087,598709.7945814079,236201.10225577586,569841.0
57,candidate,3,67,97,10,3,1,20.556834179170295,20.435934591377087,598702.3238284595,236197.95286770797,570385.0
57,candidate,4,67,94,10,3,1,20.556834179170295,20.435934591377087,598702.3301184204,236197.08221917486,571266.0
57,candidate,5,67,100,10,3,1,20.556834179170295,20.435934591377087,598684.5051684375,236196.09702132092,569413.0
57,baseline,1,64,90,11,3,2,20.556834179170295,20.435934591377087,1151826.125,0.0,601387.0
57,baseline,2,57,91,11,3,2,20.556834179170295,20.435934591377087,1148794.875,0.0,598157.0
57,baseline,3,59,93,11,3,2,20.556834179170295,20.435934591377087,1148783.625,0.0,596054.0
57,baseline,4,56,94,10,3,2,20.556834179170295,20.435934591377087,1146001.0,0.0,597581.0
57,baseline,5,52,91,10,3,2,20.556834179170295,20.435934591377087,1143635.0,0.0,602034.0
58,candidate,1,54,91,10,3,1,19.05270562659425,20.300982978681777,603551.6046182605,236974.96043191882,613908.0
58,candidate,2,54,94,11,3,1,19.05270562659425,20.300982978681777,603499.8922715664,236964.84506504913,612932.0
58,candidate,3,53,90,10,3,1,19.05270562659425,20.300982978681777,603465.5150944459,236958.17965413973,615145.0
58,candidate,4,54,97,12,3,1,19.05270562659425,20.300982978681777,603405.5359448999,236950.84749932482,612389.0
58,candidate,5,52,96,11,3,1,19.05270562659425,20.300982978681777,603360.1619999926,236938.21290730234,613739.0
58,baseline,1,64,90,11,3,2,19.05270562659425,20.300982978681777,1151826.125,0.0,640910.0
58,baseline,2,57,91,11,3,2,19.05270562659425,20.300982978681777,1148794.875,0.0,645845.0
58,baseline,3,59,93,11,3,2,19.05270562659425,20.300982978681777,1148783.625,0.0,642969.0
58,baseline,4,56,94,10,3,2,19.05270562659425,20.300982978681777,1146001.0,0.0,645563.0
58,baseline,5,52,91,10,3,2,19.05270562659425,20.300982978681777,1143635.0,0.0,649456.0
59,candidate,1,60,100,13,3,1,19.47063794236877,20.267657976702345,602432.5893243531,237002.4398638889,592698.0
59,candidate,2,61,100,14,3,1,19.47063794236877,20.267657976702345,602424.0794219684,237011.33574475776,592234.0
59,candidate,3,60,99,12,3,1,19.47063794236877,20.267657976702345,602352.6971019979,236978.6308369589,592975.0
59,candidate,4,60,97,13,3,1,19.47063794236877,20.267657976702345,602343.2233576797,236982.61069219274,593873.0
59,candidate,5,60,95,13,3,1,19.47063794236877,20.267657976702345,602275.356481346,236968.1973494191,595117.0
59,baseline,1,64,90,11,3,2,19.47063794236877,20.267657976702345,1151826.125,0.0,624244.0
59,baseline,2,57,91,11,3,2,19.47063794236877,20.267657976702345,1148794.875,0.0,628311.0
59,baseline,3,59,93,11,3,2,19.47063794236877,20.267657976702345,1148783.625,0.0,625597.0
59,baseline,4,56,94,10,3,2,19.47063794236877,20.267657976702345,1146001.0,0.0,628089.0
59,baseline,5,52,91,10,3,2,19.47063794236877,20.267657976702345,1143635.0,0.0,632358.0
60,candidate,1,51,99,15,3,1,29.650851802285423,20.720899465116553,607866.2799192127,238043.19918310494,388729.0
60,candidate,2,52,98,15,3,1,29.650851802285423,20.720899465116553,607822.2256718577,238032.5826693592,388869.0
60,candidate,3,55,100,14,3,1,29.650851802285423,20.720899465116553,607603.0423269111,237970.21184206416,385760.0
60,candidate,4,54,100,14,3,1,29.650851802285423,20.720899465116553,607594.8911803365,237969.1592135275,386579.0
60,candidate,5,55,99,14,3,1,29.650851802285423,20.720899465116553,607545.1926253497,237957.7359799379,386488.0
60,baseline,1,64,90,11,3,2,29.650851802285423,20.720899465116553,1151826.125,0.0,393574.0
60,baseline,2,57,91,11,3,2,29.650851802285423,20.720899465116553,1148794.875,0.0,398334.0
60,baseline,3,59,93,11,3,2,29.650851802285423,20.720899465116553,1148783.625,0.0,395400.0
60,baseline,4,56,94,10,3,2,29.650851802285423,20.720899465116553,1146001.0,0.0,397924.0
60,baseline,5,52,91,10,3,2,29.650851802285423,20.720899465116553,1143635.0,0.0,401698.0
61,candidate,1,57,93,11,3,1,29.06415847378171,21.621871265095102,618985.9524359761,243880.5991925012,400346.0
61,candidate,2,63,91,11,3,1,29.06415847378171,21.621871265095102,617334.8913481068,243665.26909461018,395292.0
61,candidate,3,64,89,10,3,1,29.06415847378171,21.621871265095102,615279.1061243226,243269.87416165942,395531.0
61,candidate,4,64,86,11,3,1,29.06415847378171,21.621871265095102,612831.8761826095,242877.40400457603,396389.0
61,candidate,5,60,88,11,3,1,29.06415847378171,21.621871265095102,612867.4303215658,242612.64256884297,399209.0
61,baseline,1,64,90,11,3,2,29.06415847378171,21.621871265095102,1151826.125,0.0,407232.0
61,baseline,2,57,91,11,3,2,29.06415847378171,21.621871265095102,1148794.875,0.0,412775.0
61,baseline,3,59,93,11,3,2,29.06415847378171,21.621871265095102,1148783.625,0.0,409966.0
61,baseline,4,56,94,10,3,2,29.06415847378171,21.621871265095102,1146001.0,0.0,412271.0
61,baseline,5,52,91,10,3,2,29.06415847378171,21.621871265095102,1143635.0,0.0,415879.0
62,candidate,1,53,95,10,3,1,30.0,25.137454417372318,581287.5975003815,242092.79577766426,384698.0
62,candidate,2,51,91,10,3,1,30.0,25.137454417372318,581237.038614676,242248.5551599419,387507.0
62,candidate,3,52,92,10,3,1,30.0,25.137454417372318,581180.0517229429,242164.38348114726,386475.0
62,candidate,4,51,90,10,3,1,30.0,25.137454417372318,581098.8665362673,242248.04136574583,387693.0
62,candidate,5,52,91,10,3,1,30.0,25.137454417372318,581000.9001709447,242152.4182411843,386748.0
62,baseline,1,64,90,11,3,2,30.0,25.137454417372318,1151826.125,0.0,389314.0
62,baseline,2,57,91,11,3,2,30.0,25.137454417372318,1148794.875,0.0,393631.0
62,baseline,3,59,93,11,3,2,30.0,25.137454417372318,1148783.625,0.0,390670.0
62,baseline,4,56,94,10,3,2,30.0,25.137454417372318,1146001.0,0.0,393261.0
62,baseline,5,52,91,10,3,2,30.0,25.137454417372318,1143635.0,0.0,397137.0
63,candidate,1,62,75,10,3,1,29.60327141724628,27.31799587293267,480105.30880510824,229723.73942083295,388864.0
63,candidate,2,61,60,10,3,1,29.60327141724628,27.31799587293267,480094.7030574374,229726.60901132878,394514.0
63,candidate,3,60,81,10,3,1,29.60327141724628,27.31799587293267,480095.22953158413,229720.2220426151,388502.0
63,candidate,4,62,77,11,3,1,29.60327141724628,27.31799587293267,480086.16381011426,229719.00590166167,388121.0
63,candidate,5,59,91,10,3,1,29.60327141724628,27.31799587293267,480084.8378208495,229717.05546381758,386454.0
63,baseline,1,64,90,11,3,2,29.60327141724628,27.31799587293267,1151826.125,0.0,394343.0
63,baseline,2,57,91,11,3,2,29.60327141724628,27.31799587293267,1148794.875,0.0,399176.0
63,baseline,3,59,93,11,3,2,29.60327141724628,27.31799587293267,1148783.625,0.0,396269.0
63,baseline,4,56,94,10,3,2,29.60327141724628,27.31799587293267,1146001.0,0.0,398761.0
63,baseline,5,52,91,10,3,2,29.60327141724628,27.31799587293267,1143635.0,0.0,402546.0
64,candidate,1,62,50,11,1,1,30.0,28.026215093125934,396948.95348276035,198231.25054923265,383777.0
64,candidate,2,56,50,10,1,1,30.0,28.026215093125934,396930.3219208005,198240.08521375858,390259.0
64,candidate,3,58,50,10,1,1,30.0,28.026215093125934,396833.62229546625,198219.1844596153,388118.0
64,candidate,4,51,51,10,1,1,30.0,28.026215093125934,396675.1690532249,198602.79540210578,393702.0
64,candidate,5,60,57,10,1,1,30.0,28.026215093125934,396790.77720234153,198185.764096931,384514.0
64,baseline,1,64,90,11,3,2,30.0,28.026215093125934,1151826.125,0.0,389314.0
64,baseline,2,57,91,11,3,2,30.0,28.026215093125934,1148794.875,0.0,393631.0
64,baseline,3,59,93,11,3,2,30.0,28.026215093125934,1148783.625,0.0,390670.0
64,baseline,4,56,94,10,3,2,30.0,28.026215093125934,1146001.0,0.0,393261.0
64,baseline,5,52,91,10,3,2,30.0,28.026215093125934,1143635.0,0.0,397137.0
65,candidate,1,50,50,10,1,1,29.79314196362086,28.301789034295332,424616.13898515067,202022.20403844232,396079.0
65,candidate,2,50,52,10,1,1,29.79314196362086,28.301789034295332,424364.21876144304,201970.83274016276,395659.0
65,candidate,3,51,50,10,1,1,29.79314196362086,28.301789034295332,424241.1991616685,201943.72438015786,395398.0
65,candidate,4,50,53,10,1,1,29.79314196362086,28.301789034295332,424236.5964107517,201945.32817641812,395559.0
65,candidate,5,51,51,10,1,1,29.79314196362086,28.301789034295332,424115.3976699368,201917.89157168395,395205.0
65,baseline,1,64,90,11,3,2,29.79314196362086,28.301789034295332,1151826.125,0.0,392773.0
65,baseline,2,57,91,11,3,2,29.79314196362086,28.301789034295332,1148794.875,0.0,397406.0
65,baseline,3,59,93,11,3,2,29.79314196362086,28.301789034295332,1148783.625,0.0,394457.0
65,baseline,4,56,94,10,3,2,29.79314196362086,28.301789034295332,1146001.0,0.0,397005.0
65,baseline,5,52,91,10,3,2,29.79314196362086,28.301789034295332,1143635.0,0.0,400818.0
66,candidate,1,50,50,10,1,1,30.0,28.484816227776875,428625.57346548996,202300.0254361705,394562.0
66,candidate,2,50,51,10,1,1,30.0,28.484816227776875,428599.3136279332,202294.1869127351,394353.0
66,candidate,3,50,52,10,1,1,30.0,28.484816227776875,428567.04946422455,202287.9335535296,394175.0
66,candidate,4,50,53,10,1,1,30.0,28.484816227776875,428528.8095040339,202281.26687950865,394067.0
66,candidate,5,50,54,10,1,1,30.0,28.484816227776875,428484.628583061,202274.1888385898,393686.0
66,baseline,1,64,90,11,3,2,30.0,28.484816227776875,1151826.125,0.0,389314.0
66,baseline,2,57,91,11,3,2,30.0,28.484816227776875,1148794.875,0.0,393631.0
66,baseline,3,59,93,11,3,2,30.0,28.484816227776875,1148783.625,0.0,390670.0
66,baseline,4,56,94,10,3,2,30.0,28.484816227776875,1146001.0,0.0,393261.0
66,baseline,5,52,91,10,3,2,30.0,28.484816227776875,1143635.0,0.0,397137.0
67,candidate,1,50,50,10,1,1,30.0,28.59774921207127,429230.035953559,201797.05386821044,394726.0
67,candidate,2,50,51,10,1,1,30.0,28.59774921207127,429213.0772616475,201792.8749629295,394353.0
67,candidate,3,50,52,10,1,1,30.0,28.59774921207127,429188.5547604694,201787.91450675402,394175.0
67,candidate,4,50,53,10,1,1,30.0,28.59774921207127,429156.49071625865,201782.17373059265,394067.0
67,candidate,5,50,54,10,1,1,30.0,28.59774921207127,429116.91594179627,201775.6549002954,393686.0
67,baseline,1,64,90,11,3,2,30.0,28.59774921207127,1151826.125,0.0,389314.0
67,baseline,2,57,91,11,3,2,30.0,28.59774921207127,1148794.875,0.0,393631.0
67,baseline,3,59,93,11,3,2,30.0,28.59774921207127,1148783.625,0.0,390670.0
67,baseline,4,56,94,10,3,2,30.0,28.59774921207127,1146001.0,0.0,393261.0
67,baseline,5,52,91,10,3,2,30.0,28.59774921207127,1143635.0,0.0,397137.0
68,candidate,1,50,50,10,1,1,30.0,28.594602765698994,430269.8883759093,201927.46920290068,394726.0
68,candidate,2,50,51,10,1,1,30.0,28.594602765698994,430253.025508016,201923.26642565642,394353.0
68,candidate,3,50,52,10,1,1,30.0,28.594602765698994,430227.79440023564,201918.06832470198,394175.0
68,candidate,4,50,53,10,1,1,30.0,28.594602765698994,430194.2182862087,201911.87672846185,394067.0
68,candidate,5,50,54,10,1,1,30.0,28.594602765698994,430152.32987493294,201904.69487126733,393686.0
68,baseline,1,64,90,11,3,2,30.0,28.594602765698994,1151826.125,0.0,389314.0
68,baseline,2,57,91,11,3,2,30.0,28.594602765698994,1148794.875,0.0,393631.0
68,baseline,3,59,93,11,3,2,30.0,28.594602765698994,1148783.625,0.0,390670.0
68,baseline,4,56,94,10,3,2,30.0,28.594602765698994,1146001.0,0.0,393261.0
68,baseline,5,52,91,10,3,2,30.0,28.594602765698994,1143635.0,0.0,397137.0
69,candidate,1,50,50,10,1,1,28.23719209548268,28.524480889499557,428755.7065678306,201211.37598959304,428917.0
69,candidate,2,50,51,10,1,1,28.23719209548268,28.524480889499557,428736.4367630677,201206.70470213285,428687.0
69,candidate,3,50,52,10,1,1,28.23719209548268,28.524480889499557,428708.426292522,201200.91875743007,428481.0
69,candidate,4,50,53,10,1,1,28.23719209548268,28.524480889499557,428671.7014592508,201194.02078035445,428375.0
69,candidate,5,50,54,10,1,1,28.23719209548268,28.524480889499557,428626.2982245493,201186.01500371986,428006.0
69,baseline,1,64,90,11,3,2,28.23719209548268,28.524480889499557,1151826.125,0.0,426990.0
69,baseline,2,57,91,11,3,2,28.23719209548268,28.524480889499557,1148794.875,0.0,432267.0
69,baseline,3,59,93,11,3,2,28.23719209548268,28.524480889499557,1148783.625,0.0,429629.0
69,baseline,4,56,94,10,3,2,28.23719209548268,28.524480889499557,1146001.0,0.0,431701.0
69,baseline,5,52,91,10,3,2,28.23719209548268,28.524480889499557,1143635.0,0.0,435029.0
70,candidate,1,54,52,10,1,1,30.0,28.533339126905155,434456.39630052587,202816.9054335954,391127.0
70,candidate,2,54,53,10,1,1,30.0,28.533339126905155,434452.81945913634,202817.01017020494,390823.0
70,candidate,3,54,51,10,1,1,30.0,28.533339126905155,434446.75893202703,202815.34349821205,391402.0
70,candidate,4,54,50,10,1,1,30.0,28.533339126905155,434423.94260487583,202812.33177779417,391681.0
70,candidate,5,54,55,10,1,1,30.0,28.533339126905155,434405.99322165264,202812.82455938568,390378.0
70,baseline,1,64,90,11,3,2,30.0,28.533339126905155,1151826.125,0.0,389314.0
70,baseline,2,57,91,11,3,2,30.0,28.533339126905155,1148794.875,0.0,393631.0
70,baseline,3,59,93,11,3,2,30.0,28.533339126905155,1148783.625,0.0,390670.0
70,baseline,4,56,94,10,3,2,30.0,28.533339126905155,1146001.0,0.0,393261.0
70,baseline,5,52,91,10,3,2,30.0,28.533339126905155,1143635.0,0.0,397137.0
71,candidate,1,50,54,10,1,1,30.0,28.65808102862559,434575.6536701798,202758.43331904677,393686.0
71,candidate,2,50,53,10,1,1,30.0,28.65808102862559,434567.4132883946,202754.28675032855,394067.0
71,candidate,3,50,55,10,1,1,30.0,28.65808102862559,434564.2170578813,202760.11044460288,393373.0
71,candidate,4,50,52,10,1,1,30.0,28.65808102862559,434539.5305695714,202747.68696514983,394175.0
71,candidate,5,50,56,10,1,1,30.0,28.65808102862559,434533.1117687968,202759.3058497209,393013.0
71,baseline,1,64,90,11,3,2,30.0,28.65808102862559,1151826.125,0.0,389314.0
71,baseline,2,57,91,11,3,2,30.0,28.65808102862559,1148794.875,0.0,393631.0
71,baseline,3,59,93,11,3,2,30.0,28.65808102862559,1148783.625,0.0,390670.0
71,baseline,4,56,94,10,3,2,30.0,28.65808102862559,1146001.0,0.0,393261.0
71,baseline,5,52,91,10,3,2,30.0,28.65808102862559,1143635.0,0.0,397137.0
72,candidate,1,54,50,10,1,1,30.0,28.63963019403014,433027.6999217108,202144.6447411007,391681.0
72,candidate,2,54,51,10,1,1,30.0,28.63963019403014,432981.6812262496,202133.49818972393,391402.0
72,candidate,3,54,54,10,1,1,30.0,28.63963019403014,432760.90417050663,202090.51618240346,390716.0
72,candidate,4,54,55,10,1,1,30.0,28.63963019403014,432660.06688142486,202073.06437319273,390378.0
72,candidate,5,54,56,10,1,1,30.0,28.63963019403014,432545.8296391788,202054.08349736876,390025.0
72,baseline,1,64,90,11,3,2,30.0,28.63963019403014,1151826.125,0.0,389314.0
72,baseline,2,57,91,11,3,2,30.0,28.63963019403014,1148794.875,0.0,393631.0
72,baseline,3,59,93,11,3,2,30.0,28.63963019403014,1148783.625,0.0,390670.0
72,baseline,4,56,94,10,3,2,30.0,28.63963019403014,1146001.0,0.0,393261.0
72,baseline,5,52,91,10,3,2,30.0,28.63963019403014,1143635.0,0.0,397137.0
73,candidate,1,50,50,10,1,1,29.50567436423392,28.710897646682977,431314.3397744904,201903.24759726538,400197.0
73,candidate,2,50,51,10,1,1,29.50567436423392,28.710897646682977,431248.2735880124,201887.78604083063,399986.0
73,candidate,3,50,52,10,1,1,29.50567436423392,28.710897646682977,431163.64341482916,201869.84583280756,399783.0
73,candidate,4,50,53,10,1,1,29.50567436423392,28.710897646682977,431060.5876654167,201849.45455731638,399692.0
73,candidate,5,50,54,10,1,1,29.50567436423392,28.710897646682977,430939.280284416,201826.64438615917,399309.0
73,baseline,1,64,90,11,3,2,29.50567436423392,28.710897646682977,1151826.125,0.0,396935.0
73,baseline,2,57,91,11,3,2,29.50567436423392,28.710897646682977,1148794.875,0.0,401948.0
73,baseline,3,59,93,11,3,2,29.50567436423392,28.710897646682977,1148783.625,0.0,399059.0
73,baseline,4,56,94,10,3,2,29.50567436423392,28.710897646682977,1146001.0,0.0,401526.0
73,baseline,5,52,91,10,3,2,29.50567436423392,28.710897646682977,1143635.0,0.0,405261.0
74,candidate,1,50,50,10,1,1,30.0,28.676864791356905,431700.43976649205,201806.03981868108,394562.0
74,candidate,2,50,51,10,1,1,30.0,28.676864791356905,431630.16512268985,201789.78821817983,394353.0
74,candidate,3,50,52,10,1,1,30.0,28.676864791356905,431540.20781476004,201770.8342465837,394175.0
74,candidate,4,50,53,10,1,1,30.0,28.676864791356905,431430.7231758423,201749.20822136351,394067.0
74,candidate,5,50,54,10,1,1,30.0,28.676864791356905,431301.9059094063,201724.9462703559,393686.0
74,baseline,1,64,90,11,3,2,30.0,28.676864791356905,1151826.125,0.0,389314.0
74,baseline,2,57,91,11,3,2,30.0,28.676864791356905,1148794.875,0.0,393631.0
74,baseline,3,59,93,11,3,2,30.0,28.676864791356905,1148783.625,0.0,390670.0
74,baseline,4,56,94,10,3,2,30.0,28.676864791356905,1146001.0,0.0,393261.0
74,baseline,5,52,91,10,3,2,30.0,28.676864791356905,1143635.0,0.0,397137.0
75,candidate,1,50,50,10,1,1,28.943655223989364,28.686808275556608,435124.72316927166,202512.61501908433,414507.0
75,candidate,2,50,51,10,1,1,28.943655223989364,28.686808275556608,435050.8236394727,202495.9043088658,414309.0
75,candidate,3,50,52,10,1,1,28.943655223989364,28.686808275556608,434960.02576451143,202476.9057891696,414101.0
75,candidate,4,50,53,10,1,1,28.943655223989364,28.686808275556608,434852.4607937893,202455.64463025366,414000.0
75,candidate,5,50,54,10,1,1,28.943655223989364,28.686808275556608,434728.2884605639,202432.15017408435,413616.0
75,baseline,1,64,90,11,3,2,28.943655223989364,28.686808275556608,1151826.125,0.0,410787.0
75,baseline,2,57,91,11,3,2,28.943655223989364,28.686808275556608,1148794.875,0.0,416425.0
75,baseline,3,59,93,11,3,2,28.943655223989364,28.686808275556608,1148783.625,0.0,413674.0
75,baseline,4,56,94,10,3,2,28.943655223989364,28.686808275556608,1146001.0,0.0,415921.0
75,baseline,5,52,91,10,3,2,28.943655223989364,28.686808275556608,1143635.0,0.0,419469.0
76,candidate,1,50,50,10,1,1,29.470777582547825,28.630500151290363,436488.7924961567,202954.46645494024,400226.0
76,candidate,2,50,51,10,1,1,29.470777582547825,28.630500151290363,436411.24331996933,202936.5869972328,399998.0
76,candidate,3,50,52,10,1,1,29.470777582547825,28.630500151290363,436309.77211728453,202915.27306218422,399802.0
76,candidate,4,50,53,10,1,1,29.470777582547825,28.630500151290363,436184.591039942,202890.56537385678,399702.0
76,candidate,5,50,54,10,1,1,29.470777582547825,28.630500151290363,436035.9684901939,202862.51433727748,399337.0
76,baseline,1,64,90,11,3,2,29.470777582547825,28.630500151290363,1151826.125,0.0,396879.0
76,baseline,2,57,91,11,3,2,29.470777582547825,28.630500151290363,1148794.875,0.0,401949.0
76,baseline,3,59,93,11,3,2,29.470777582547825,28.630500151290363,1148783.625,0.0,399062.0
76,baseline,4,56,94,10,3,2,29.470777582547825,28.630500151290363,1146001.0,0.0,401516.0
76,baseline,5,52,91,10,3,2,29.470777582547825,28.630500151290363,1143635.0,0.0,405234.0
77,candidate,1,50,50,10,1,1,30.0,28.716178728219965,435841.6082387714,202625.0158892665,394562.0
77,candidate,2,50,51,10,1,1,30.0,28.716178728219965,435760.6631016992,202606.60048271183,394353.0
77,candidate,3,50,52,10,1,1,30.0,28.716178728219965,435656.29417227913,202584.78861356757,394175.0
77,candidate,4,50,53,10,1,1,30.0,28.716178728219965,435528.7135115439,202559.6203567217,394067.0
77,candidate,5,50,54,10,1,1,30.0,28.716178728219965,435378.1866210236,202531.14565509828,393686.0
77,baseline,1,64,90,11,3,2,30.0,28.716178728219965,1151826.125,0.0,389314.0
77,baseline,2,57,91,11,3,2,30.0,28.716178728219965,1148794.875,0.0,393631.0
77,baseline,3,59,93,11,3,2,30.0,28.716178728219965,1148783.625,0.0,390670.0
77,baseline,4,56,94,10,3,2,30.0,28.716178728219965,1146001.0,0.0,393261.0
77,baseline,5,52,91,10,3,2,30.0,28.716178728219965,1143635.0,0.0,397137.0
78,candidate,1,50,50,10,1,1,30.0,28.680588973289954,435465.8741228256,202503.19244265725,394726.0
78,candidate,2,50,51,10,1,1,30.0,28.680588973289954,435384.13446023705,202484.86080522247,394353.0
78,candidate,3,50,52,10,1,1,30.0,28.680588973289954,435282.4469252218,202463.69450006314,394175.0
78,candidate,4,50,53,10,1,1,30.0,28.680588973289954,435160.98405213264,202439.72600254847,394067.0
78,candidate,5,50,54,10,1,1,30.0,28.680588973289954,435019.956977079,202412.99479881884,393686.0
78,baseline,1,64,90,11,3,2,30.0,28.680588973289954,1151826.125,0.0,389314.0
78,baseline,2,57,91,11,3,2,30.0,28.680588973289954,1148794.875,0.0,393631.0
78,baseline,3,59,93,11,3,2,30.0,28.680588973289954,1148783.625,0.0,390670.0
78,baseline,4,56,94,10,3,2,30.0,28.680588973289954,1146001.0,0.0,393261.0
78,baseline,5,52,91,10,3,2,30.0,28.680588973289954,1143635.0,0.0,397137.0
79,candidate,1,50,50,10,1,1,30.0,28.75721405536847,435321.0492913375,202648.0627057024,394726.0
79,candidate,2,50,51,10,1,1,30.0,28.75721405536847,435237.0026586466,202629.4426330852,394353.0
79,candidate,3,50,52,10,1,1,30.0,28.75721405536847,435135.3861562215,202608.35282849742,394175.0
79,candidate,4,50,53,10,1,1,30.0,28.75721405536847,435016.3495771392,202584.821296564,394067.0
79,candidate,5,50,54,10,1,1,30.0,28.75721405536847,434880.07234735455,202558.88139770395,393686.0
79,baseline,1,64,90,11,3,2,30.0,28.75721405536847,1151826.125,0.0,389314.0
79,baseline,2,57,91,11,3,2,30.0,28.75721405536847,1148794.875,0.0,393631.0
79,baseline,3,59,93,11,3,2,30.0,28.75721405536847,1148783.625,0.0,390670.0
79,baseline,4,56,94,10,3,2,30.0,28.75721405536847,1146001.0,0.0,393261.0
79,baseline,5,52,91,10,3,2,30.0,28.75721405536847,1143635.0,0.0,397137.0
