batch_idx,theta_true,theta_est,theta_est_std,did_restart,pred_selected_mean,pred_selected_best,pred_base_mean,pred_base_best,y_selected_mean,y_selected_best,y_base,y_base_best,reality_gap_mean,reality_gap_best,cum_gap_mean,cum_gap_best,theta_abs_error
0,3.1005841768747144,6.795032937661013,4.204674342536003,False,1145841.25,1147069.125,1147808.125,1151826.125,1069666.6,1127310.0,1084263.4,1146545.0,-76174.6499999999,-19759.125,-14596.799999999814,-19235.0,3.6944487607862984
1,2.8943161093669585,4.296712193916754,2.327495659410673,False,1296992.456600672,1379451.2922841776,1147808.125,1151826.125,1392771.8,1519742.0,1084141.0,1146436.0,95779.34339932795,140290.70771582238,294034.00000000023,354071.0,1.4023960845497956
2,3.5123381203546256,3.800611365824702,1.3343485757695988,False,1625614.1103218223,1649232.5568072826,1147808.125,1151826.125,1636564.8,1653839.0,1084505.4,1146767.0,10950.689678177703,4606.443192717386,846093.4000000004,861143.0,0.2882732454700765
3,3.0839200937224316,3.845660654448558,1.4696638230110959,False,1645982.9300331075,1659902.806270985,1147808.125,1151826.125,1656209.8,1671275.0,1084250.6,1146533.0,10226.869966892526,11372.193729015067,1418052.6000000003,1385885.0,0.7617405607261265
4,2.571464501471111,3.9272946865810585,1.303822069294555,False,1654822.1921344483,1662768.7726343637,1147808.125,1151826.125,1655887.4,1670951.0,1083949.4,1146261.0,1065.2078655515797,8182.227365636267,1989990.6000000003,1910575.0,1.3558301851099475
5,3.289276043927588,3.862026270147192,1.1761802632457907,False,1655382.2946823617,1662178.5921676813,1147808.125,1151826.125,1656337.8,1671402.0,1084373.6,1146646.0,955.5053176383954,9223.407832318684,2561954.8000000003,2435331.0,0.572750226219604
6,4.04320003610411,3.966409694886078,1.078778808682201,False,1655674.2893976409,1661772.5189258733,1147808.125,1151826.125,1656812.0,1671877.0,1084818.8,1147053.0,1137.7106023591477,10104.48107412667,3133948.0,2960155.0,0.07679034121803152
7,3.7576647705033936,3.9245695537687713,1.0005452072025522,False,1655988.0455345346,1661636.5425864665,1147808.125,1151826.125,1656630.4,1671695.0,1084650.8,1146900.0,642.3544654652942,10058.45741353347,3705927.5999999996,3484950.0,0.1669047832653776
8,2.437011811354406,4.01576836178806,0.9382378012398107,False,1656041.233389814,1661395.2417052598,1147808.125,1151826.125,1655803.6,1670868.0,1083871.6,1146190.0,-237.6333898138255,9472.758294740226,4277859.6,4009628.0,1.5787565504336545
9,1.987662823163158,3.9737417125752064,0.882544294138833,False,1656040.4312684543,1661167.2143259984,1147808.125,1151826.125,1655555.2,1670619.0,1083619.4,1145965.0,-485.2312684543431,9451.785674001556,4849795.399999999,4534282.0,1.9860788894120485
10,2.5013804299701183,4.055658855212165,0.8397076484014707,False,1655957.1372727416,1660902.6515052798,1147808.125,1151826.125,1655845.8,1670910.0,1083908.4,1146224.0,-111.33727274159901,10007.34849472018,5421732.8,5058968.0,1.554278425242047
11,3.033060783477795,4.013634617042769,0.7964234456646941,False,1655928.1506180777,1660706.582496998,1147808.125,1151826.125,1656177.2,1671242.0,1084222.0,1146507.0,249.049381922232,10535.4175030021,5993688.0,5583703.0,0.9805738335649736
12,1.1399753802889325,4.082761943756669,0.7610717658163992,False,1651771.0773471906,1660642.7685952908,1147808.125,1151826.125,1651362.0,1670247.0,1083239.0,1145642.0,-409.077347190585,9604.231404709164,6561811.0,6108308.0,2.9427865634677364
13,2.824966668853963,4.044739344767228,0.7290339248789824,False,1651651.6954249968,1660529.3346447884,1147808.125,1151826.125,1649777.0,1658335.0,1084099.6,1146398.0,-1874.695424996782,-2194.3346447884105,7127488.4,6620245.0,1.2197726759132648
14,2.003271242197548,4.10970583112624,0.7035266201347219,False,1655798.9766408906,1660311.9649656415,1147808.125,1151826.125,1655565.4,1670629.0,1083626.4,1145971.0,-233.5766408906784,10317.035034358501,7699427.4,7144903.0,2.1064345889286917
15,2.4141861162372384,4.069860661573301,0.6783231903558902,False,1655793.6637976984,1660306.7797040767,1147808.125,1151826.125,1653344.4,1658081.0,1083856.6,1146176.0,-2449.2637976985425,-2225.7797040767036,8268915.2,7656808.0,1.6556745453360628
16,2.5645928137141523,4.128815278208906,0.6570560226947012,False,1655554.6161391702,1660005.5035445413,1147808.125,1151826.125,1655886.0,1670951.0,1083943.0,1146254.0,331.38386082975194,10945.496455458691,8840858.2,8181505.0,1.5642224644947538
17,2.746959874904676,4.0910413792939,0.6378536528549203,False,1655587.2272200878,1660002.6955911007,1147808.125,1151826.125,1653552.4,1658289.0,1084053.6,1146356.0,-2034.827220087871,-1713.6955911007244,9410357.0,8693438.0,1.3440815043892238
18,3.3293044290993064,4.144705986697968,0.6189769047433754,False,1655412.8803419245,1659787.8152995305,1147808.125,1151826.125,1656362.0,1671426.0,1084397.0,1146667.0,949.1196580755059,11638.184700469486,9982322.0,9218197.0,0.8154015575986615
19,3.834010695554142,4.094983273038764,1.036812580961665,False,1655514.6976330336,1659862.0316011512,1147808.125,1151826.125,1654231.2,1658967.0,1084692.6,1146937.0,-1283.497633033665,-895.0316011512186,10551860.6,9730227.0,0.2609725774846221
20,11.397172269644773,4.068505440847089,1.4070201188189264,False,1655385.1071735485,1659637.544797046,1147808.125,1151826.125,1066620.2,1067322.0,1093781.8,1098106.0,-588764.9071735486,-592315.5447970461,10524699.0,9699443.0,7.328666828797685
21,12.593170776439749,12.972579665770938,1.5819720240882833,True,1611878.8201823863,1624650.3546114336,1147808.125,1151826.125,980138.0,981056.0,1004204.0,1009513.0,-631740.8201823863,-643594.3546114336,10500633.0,9670986.0,0.37940888933118977
22,10.96784426121071,12.12511965967826,1.0141897553635055,False,993358.010802205,1000774.0287714797,1147808.125,1151826.125,1056197.2,1086163.0,1129876.4,1134171.0,62839.189197795,85388.97122852027,10426953.8,9622978.0,1.1572753984675508
23,11.781208056074416,12.223636431734526,0.8630844374744561,False,1037513.1303518772,1039275.8892025473,1147808.125,1151826.125,1018502.2,1025038.0,1063525.6,1068163.0,-19010.930351877236,-14237.88920254726,10381930.4,9579853.0,0.4424283756601106
24,12.222776145321447,12.351771507149607,0.8627755517702134,False,1031946.1304263441,1032621.6300653956,1147808.125,1151826.125,993491.0,994127.0,1028694.0,1033794.0,-38455.13042634411,-38494.63006539561,10346727.4,9540186.0,0.12899536182816007
25,11.5752098382087,12.380139888748147,1.1427500275678841,False,1023297.0919238932,1024154.9845128362,1147808.125,1151826.125,1038494.0,1039363.0,1079118.2,1083586.0,15196.908076106803,15208.015487163793,10306103.200000001,9495963.0,0.804930050539447
26,10.905200600516952,12.041010837575142,0.9521332843033394,False,1023985.8944525898,1024360.9994280201,1147808.125,1151826.125,1090489.2,1093086.0,1134685.0,1139194.0,66503.30554741016,68725.00057197991,10261907.4,9449855.0,1.1358102370581893
27,10.762619698993264,11.807405438006978,0.8518203264651434,False,1034473.3944366025,1035746.8693809918,1147808.125,1151826.125,1105518.6,1106396.0,1147830.4,1152911.0,71045.20556339761,70649.13061900821,10219595.600000001,9403340.0,1.0447857390137134
28,11.133819339466129,11.805598847258775,0.6910195751235712,False,1043653.0587864986,1044890.5118644881,1147808.125,1151826.125,1075634.8,1076682.0,1114834.4,1118606.0,31981.74121350143,31791.48813551187,10180396.000000002,9361416.0,0.6717795077926461
29,11.67615609877604,11.866823254134324,0.5961291086589209,False,1093434.0515779941,1096348.8131999779,1147808.125,1151826.125,1040539.2,1043392.0,1073715.8,1078234.0,-52894.85157799418,-52956.813199977856,10147219.400000002,9326574.0,0.19066715535828394
30,10.692305453169011,11.78309783245656,0.5531718591466942,False,1067415.9674636242,1068959.645864273,1147808.125,1151826.125,1113094.6,1114702.0,1151023.0,1156405.0,45678.632536375895,45742.354135727044,10109291.000000002,9284871.0,1.0907923792875494
31,11.332659540102629,11.808662069111433,0.9889834172302656,False,1083202.01909465,1085475.4523866442,1147808.125,1151826.125,1064192.6,1066091.0,1097839.4,1101340.0,-19009.419094649842,-19384.452386644203,10075644.200000003,9249622.0,0.47600252900880413
32,11.372619992068417,11.84457904768691,0.8018511223515926,False,1078581.2504445221,1080074.5575023168,1147808.125,1151826.125,1060891.2,1062801.0,1094233.2,1097682.0,-17690.050444522174,-17273.557502316777,10042302.200000003,9214741.0,0.47195905561849294
33,11.932676467748646,12.027379496550537,0.6876745870946313,False,1076663.8159398858,1077988.426219105,1147808.125,1151826.125,1014905.8,1015845.0,1045481.6,1050284.0,-61758.01593988575,-62143.42621910502,10011726.400000002,9180302.0,0.09470302880189152
34,11.671727298005072,12.067691987178545,0.6554296617923667,False,1073424.5002730885,1074322.710262998,1147808.125,1151826.125,1040712.4,1044482.0,1074664.2,1079179.0,-32712.100273088436,-29840.710262998007,9977774.600000001,9145605.0,0.39596468917347316
35,11.784298167231936,12.107068756191653,0.6000665046100536,False,1065698.1081589977,1066290.5887825256,1147808.125,1151826.125,1030806.2,1033446.0,1063571.8,1068218.0,-34891.90815899777,-32844.58878252562,9945009.000000002,9110833.0,0.3227705889597168
36,10.976937112465329,12.015768639530826,0.5290185038224366,False,1001204.9374489554,1056509.7212748453,1147808.125,1151826.125,1092901.2,1101000.0,1129903.2,1134166.0,91696.26255104458,44490.2787251547,9908007.000000002,9077667.0,1.038831527065497
37,11.396309093045785,11.985911278839044,0.5217063042901596,False,1068191.5042608504,1069021.6174878979,1147808.125,1151826.125,1063934.4,1064875.0,1093727.4,1098051.0,-4257.104260850465,-4146.617487897864,9878214.000000002,9044491.0,0.5896021857932592
38,12.127180376049063,12.080236223879366,0.48094965258503597,False,1066922.4919733698,1067921.053904441,1147808.125,1151826.125,1001081.4,1003003.0,1034769.8,1039764.0,-65841.09197336982,-64918.05390444095,9844525.600000001,9007730.0,0.04694415216969716
39,12.694744916176608,12.192829854933434,0.9040655288200676,False,1064049.30366074,1065526.613159432,1147808.125,1151826.125,969419.8,970681.0,995352.4,1000736.0,-94629.50366073987,-94845.61315943208,9818593.000000002,8977675.0,0.5019150612431744
40,18.992747574316702,14.113818989116359,1.4728360653553907,False,1056454.2204061463,1057084.6735858095,1147808.125,1151826.125,639891.4,640996.0,646771.2,651253.0,-416562.82040614623,-416088.67358580953,9811713.200000001,8967418.0,4.8789285852003434
41,21.21113901979125,22.260612643027727,2.7530970926802265,True,1011735.1432489458,1016103.8576053893,1147808.125,1151826.125,553768.2,554870.0,577139.2,579717.0,-457966.94324894587,-461233.8576053893,9788342.200000001,8942571.0,1.0494736232364765
42,21.076700339025844,21.728821441122342,2.0088014481150585,False,574005.8699316877,574190.2166740005,1147808.125,1151826.125,557877.2,558658.0,581333.8,583863.0,-16128.669931687764,-15532.21667400049,9764885.600000001,8917366.0,0.6521211020964977
43,20.62504912056034,21.319317327934833,1.6411072912042577,False,579081.4944833571,579201.3055944893,1147808.125,1151826.125,567276.8,573370.0,597101.4,600031.0,-11804.694483357016,-5831.305594489328,9735061.000000002,8890705.0,0.6942682073744919
44,20.211564504263443,20.964909915087333,1.4007638842161683,False,589559.2810574594,590568.6019004887,1147808.125,1151826.125,582051.4,582953.0,610161.2,613432.0,-7507.881057459395,-7615.60190048872,9706951.200000001,8860226.0,0.75334541082389
45,19.748861748370857,20.683627954843754,1.2435088578397036,False,593952.1310848196,594022.2342781624,1147808.125,1151826.125,587142.0,588555.0,620403.8,625042.0,-6810.131084819557,-5467.234278162359,9673689.4,8823739.0,0.9347662064728972
46,21.166416546829566,20.756678675335795,1.4233333435847662,False,609062.4685221636,609554.0399783958,1147808.125,1151826.125,550199.6,551009.0,577803.2,580366.0,-58862.8685221636,-58545.0399783958,9646085.8,8794382.0,0.40973787149377117
47,21.568206653159972,20.923295007286843,1.2836818402674948,False,596462.6147662841,596520.2052286435,1147808.125,1151826.125,544411.8,545581.0,568136.4,570744.0,-52050.81476628408,-50939.20522864349,9622361.200000001,8769219.0,0.6449116458731297
48,21.4413078958929,20.947493854127785,1.182958344559911,False,591909.262370969,591941.5956244842,1147808.125,1151826.125,547679.2,548126.0,571823.6,574435.0,-44230.0623709691,-43815.59562448424,9598216.8,8742910.0,0.49381404176511623
49,21.052083011787495,20.980691049151762,1.1067098292583362,False,590515.1069620724,590576.1173921847,1147808.125,1151826.125,558407.8,562018.0,583027.8,585535.0,-32107.306962072384,-28558.11739218468,9573596.8,8719393.0,0.07139196263573311
50,20.285904328527163,20.825850057573245,1.0311636171293475,False,591831.9298731495,591840.5128357142,1147808.125,1151826.125,579334.2,581280.0,608362.6,611592.0,-12497.72987314954,-10560.512835714151,9544568.4,8689081.0,0.5399457290460816
51,19.033345094174262,20.619119063651862,0.9828048288182477,False,591160.9931463678,591282.9796763202,1147808.125,1151826.125,607911.8,609313.0,645833.6,650322.0,16750.80685363221,18030.020323679782,9506646.6,8648072.0,1.5857739694776
52,19.996436693503934,20.573718135430845,0.9183009024903893,False,604188.2086996967,604917.4242166982,1147808.125,1151826.125,599938.4,600924.0,614537.2,619169.0,-4249.808699696674,-3993.4242166981567,9492047.799999999,8629827.0,0.5772814419269103
53,20.52517994806107,20.57598331840169,0.8852071686622409,False,603357.6750724002,603477.2860870619,1147808.125,1151826.125,577412.8,580961.0,599979.2,603000.0,-25944.875072400202,-22516.28608706186,9469481.399999999,8607788.0,0.050803370340620546
54,18.969310829000356,20.403470360808612,0.8500181056409244,False,595919.9787798838,596247.5155080293,1147808.125,1151826.125,615768.4,631467.0,647788.0,652262.0,19848.4212201162,35219.48449197074,9437461.799999999,8586993.0,1.4341595318082554
55,20.316097648145607,20.459034042239523,0.8251726569136902,False,611591.1527877117,612387.6817596477,1147808.125,1151826.125,586999.8,587840.0,607326.4,610559.0,-24591.352787711658,-24547.681759647676,9417135.2,8564274.0,0.14293639409391545
56,20.343890955857784,20.42054280510598,0.7964182652235593,False,600472.3199597216,600498.4289045824,1147808.125,1151826.125,578542.8,579970.0,605409.6,608626.0,-21929.519959721598,-20528.428904582397,9390268.399999999,8535618.0,0.07665184924819712
57,20.556834179170295,20.435934591377087,0.775162205426574,False,598703.9827776148,598720.9601913493,1147808.125,1151826.125,570284.4,571266.0,599042.6,602034.0,-28419.58277761482,-27454.960191349266,9361510.2,8504850.0,0.12089958779320753
58,19.05270562659425,20.300982978681777,0.7513874543194805,False,603456.5419858331,603551.6046182605,1147808.125,1151826.125,613622.6,615145.0,644948.6,649456.0,10166.05801416689,11593.39538173948,9330184.2,8470539.0,1.248277352087527
59,19.47063794236877,20.267657976702345,0.7385443311936004,False,602365.589137469,602432.5893243531,1147808.125,1151826.125,593379.4,595117.0,627719.8,632358.0,-8986.18913746893,-7315.589324353146,9295843.799999999,8433298.0,0.797020034333574
60,29.650851802285423,20.720899465116553,0.836744625268665,False,607686.3263447336,607866.2799192127,1147808.125,1151826.125,387285.0,388869.0,397386.0,401698.0,-220401.3263447336,-218997.27991921268,9285742.799999999,8420469.0,8.92995233716887
61,29.06415847378171,21.621871265095102,1.8245476127412839,False,615459.8512825161,618985.9524359761,1147808.125,1151826.125,397353.4,400346.0,411624.6,415879.0,-218106.45128251612,-218639.95243597613,9271471.6,8404936.0,7.442287208686608
62,30.0,25.137454417372318,3.648894658578389,False,581160.8909090424,581287.5975003815,1147808.125,1151826.125,386624.2,387693.0,392802.6,397137.0,-194536.69090904243,-193594.59750038153,9265293.2,8395492.0,4.862545582627682
63,29.60327141724628,27.31799587293267,2.216092531860497,True,480093.24860501866,480105.30880510824,1147808.125,1151826.125,389291.0,394514.0,398219.0,402546.0,-90802.24860501866,-85591.30880510824,9256365.2,8387460.0,2.2852755443136097
64,30.0,28.026215093125934,1.7692742960406305,False,396835.7687909187,396948.95348276035,1147808.125,1151826.125,388074.0,393702.0,392802.6,397137.0,-8761.768790918693,-3246.9534827603493,9251636.6,8384025.0,1.9737849068740658
65,29.79314196362086,28.301789034295332,1.5313169599522176,False,424314.7101977902,424616.13898515067,1147808.125,1151826.125,395580.0,396079.0,396491.8,400818.0,-28734.710197790177,-28537.13898515067,9250724.799999999,8379286.0,1.4913529293255294
66,30.0,28.484816227776875,1.366272033723959,False,428561.07492894854,428625.57346548996,1147808.125,1151826.125,394168.6,394562.0,392802.6,397137.0,-34392.47492894856,-34063.57346548996,9252090.799999999,8376711.0,1.515183772223125
67,30.0,28.59774921207127,1.2621297167868952,False,429181.01492674614,429230.035953559,1147808.125,1151826.125,394201.4,394726.0,392802.6,397137.0,-34979.614926746115,-34504.03595355898,9253489.6,8374300.0,1.402250787928729
68,30.0,28.594602765698994,1.177327564252233,False,430219.4512890605,430269.8883759093,1147808.125,1151826.125,394201.4,394726.0,392802.6,397137.0,-36018.0512890605,-35543.8883759093,9254888.4,8371889.0,1.405397234301006
69,28.23719209548268,28.524480889499557,1.1693131799113907,False,428699.71386144403,428755.7065678306,1147808.125,1151826.125,428493.2,428917.0,431123.2,435029.0,-206.51386144402204,161.29343216941925,9252258.4,8365777.0,0.28728879401687735
70,30.0,28.533339126905155,1.0907768984647155,False,434437.18210364354,434456.39630052587,1147808.125,1151826.125,391082.2,391681.0,392802.6,397137.0,-43354.98210364353,-42775.39630052587,9250538.0,8360321.0,1.4666608730948454
71,30.0,28.65808102862559,1.0431256804702336,False,434555.98527096474,434575.6536701798,1147808.125,1151826.125,393662.8,394175.0,392802.6,397137.0,-40893.18527096475,-40400.653670179774,9251398.2,8357359.0,1.3419189713744117
72,30.0,28.63963019403014,0.9992208313811818,False,432795.2363678141,433027.6999217108,1147808.125,1151826.125,390840.4,391681.0,392802.6,397137.0,-41954.8363678141,-41346.699921710824,9249436.0,8351903.0,1.3603698059698601
73,29.50567436423392,28.710897646682977,0.9742634443144991,False,431145.224945433,431314.3397744904,1147808.125,1151826.125,399793.4,400197.0,400945.8,405261.0,-31351.82494543295,-31117.339774490392,9248283.6,8346839.0,0.7947767175509419
74,30.0,28.676864791356905,0.9395716829754736,False,431520.68835783814,431700.43976649205,1147808.125,1151826.125,394168.6,394562.0,392802.6,397137.0,-37352.08835783816,-37138.439766492054,9249649.6,8344264.0,1.3231352086430945
75,28.943655223989364,28.686808275556608,0.930974623384942,False,434943.26436552184,435124.72316927166,1147808.125,1151826.125,414106.6,414507.0,415255.2,419469.0,-20836.664365521865,-20617.72316927166,9248501.0,8339302.0,0.2568469484327558
76,29.470777582547825,28.630500151290363,0.896500396092542,False,436286.0734927094,436488.7924961567,1147808.125,1151826.125,399813.0,400226.0,400928.0,405234.0,-36473.07349270937,-36262.792496156704,9247386.0,8334294.0,0.8402774312574621
77,30.0,28.716178728219965,0.8741857053942385,False,435633.0931290634,435841.6082387714,1147808.125,1151826.125,394168.6,394562.0,392802.6,397137.0,-41464.4931290634,-41279.60823877138,9248752.0,8331719.0,1.2838212717800346
78,30.0,28.680588973289954,0.8550017350067186,False,435262.67930749926,435465.8741228256,1147808.125,1151826.125,394201.4,394726.0,392802.6,397137.0,-41061.27930749924,-40739.874122825626,9250150.8,8329308.0,1.3194110267100463
79,30.0,28.75721405536847,0.8349980403023624,False,435117.9720061399,435321.0492913375,1147808.125,1151826.125,394201.4,394726.0,392802.6,397137.0,-40916.572006139904,-40595.04929133749,9251549.600000001,8326897.0,1.2427859446315317
