method,slope,batch_size,seed,theta_rmse,y_rmse,y_crps
R-BOCPD-PF-OGP,0.0005,20,101,0.02429769378201682,0.3085819951953846,0.17376546762220665
PF-OGP,0.0005,20,101,0.027833087116460018,0.3955559278011988,0.22125610933376083
BOCPD-PF,0.0005,20,101,0.0952929397722957,0.3075368988412955,0.17344411044661082
R-BOCPD-PF-usediscrepancy,0.0005,20,101,0.07681693855638999,0.28920885507218186,0.16464190362440975
R-BOCPD-PF-nodiscrepancy,0.0005,20,101,0.010306107651482602,0.7115750434258866,0.4024036263565196
R-BOCPD-PF-OGP,0.0005,20,202,0.025331650229184235,0.28053631333649376,0.16039378147604336
PF-OGP,0.0005,20,202,0.02786586864570641,0.38091027557735846,0.21221202192191646
BOCPD-PF,0.0005,20,202,0.09755929825466275,0.28583909673093355,0.16225765112598853
R-BOCPD-PF-usediscrepancy,0.0005,20,202,0.06074791862000027,0.26931887567023965,0.1541190441751584
R-BOCPD-PF-nodiscrepancy,0.0005,20,202,0.01296040011489615,0.6977542680539837,0.39644695484359926
R-BOCPD-PF-OGP,0.0005,20,303,0.0230753023904542,0.28224359367242957,0.1618467155074704
PF-OGP,0.0005,20,303,0.025659826984680858,0.3711458537423857,0.20610618652020235
BOCPD-PF,0.0005,20,303,0.07924526695915234,0.28298765740628395,0.1606089395137961
R-BOCPD-PF-usediscrepancy,0.0005,20,303,0.05197898182362438,0.26175857938015945,0.15065179531551762
R-BOCPD-PF-nodiscrepancy,0.0005,20,303,0.013522519126821746,0.7063950053070708,0.4009594489595926
R-BOCPD-PF-OGP,0.0005,20,404,0.026920389461684062,0.28743860805022103,0.16049806917482962
PF-OGP,0.0005,20,404,0.03012133361822356,0.38393026179858514,0.2125518332937945
BOCPD-PF,0.0005,20,404,0.09576471630639352,0.2843810423360885,0.16020074965470033
R-BOCPD-PF-usediscrepancy,0.0005,20,404,0.08297924918174955,0.2659364362232356,0.15106954626192443
R-BOCPD-PF-nodiscrepancy,0.0005,20,404,0.012697655323802511,0.6991339986620551,0.39239358579821926
R-BOCPD-PF-OGP,0.0005,20,505,0.02440015915073965,0.28446981867465837,0.16072078300315287
PF-OGP,0.0005,20,505,0.026388668233800674,0.3751213744346078,0.2070082022366785
BOCPD-PF,0.0005,20,505,0.09279212537879634,0.29402937969042464,0.16431662041892062
R-BOCPD-PF-usediscrepancy,0.0005,20,505,0.07191297577856849,0.2729368692853631,0.1543352890152771
R-BOCPD-PF-nodiscrepancy,0.0005,20,505,0.012723194289540994,0.703572650581082,0.39752124445400616
R-BOCPD-PF-OGP,0.001,20,101,0.018816849491975252,0.33699552150968715,0.19102236117706226
PF-OGP,0.001,20,101,0.02200555654707369,0.5674075928066709,0.3213264588146219
BOCPD-PF,0.001,20,101,0.12278023867306903,0.38925446344486214,0.21615526121476117
R-BOCPD-PF-usediscrepancy,0.001,20,101,0.09868266251004963,0.35808309253380716,0.2024540796380749
R-BOCPD-PF-nodiscrepancy,0.001,20,101,0.013023053050100528,1.1746854805760705,0.6669739481152642
R-BOCPD-PF-OGP,0.001,20,202,0.02927257019497535,0.3249423885390713,0.1815935485441928
PF-OGP,0.001,20,202,0.021694036079627454,0.5325435908386329,0.303185590743952
BOCPD-PF,0.001,20,202,0.1089850900724115,0.36467790792257376,0.20190264950105127
R-BOCPD-PF-usediscrepancy,0.001,20,202,0.0875126136087317,0.33076487541757393,0.18429009583640776
R-BOCPD-PF-nodiscrepancy,0.001,20,202,0.016724613185452025,1.1621388129097945,0.6575504443436305
R-BOCPD-PF-OGP,0.001,20,303,0.01698666139773997,0.33322827052342474,0.18298555431469907
PF-OGP,0.001,20,303,0.0208173404559592,0.5492237593602465,0.30849517187789355
BOCPD-PF,0.001,20,303,0.10977664008082062,0.3691383271793971,0.20251425776366372
R-BOCPD-PF-usediscrepancy,0.001,20,303,0.08551766051576658,0.33417131412404855,0.18421115551743958
R-BOCPD-PF-nodiscrepancy,0.001,20,303,0.014401365412547835,1.1771260650560458,0.6711307926603294
R-BOCPD-PF-OGP,0.001,20,404,0.020733693935243984,0.3311148105354735,0.18183918201086574
PF-OGP,0.001,20,404,0.024918054428199297,0.5502988045607105,0.3104838557994057
BOCPD-PF,0.001,20,404,0.12401332159564583,0.3770382304460064,0.20786869195489857
R-BOCPD-PF-usediscrepancy,0.001,20,404,0.09486904237196893,0.3404891352494038,0.18965686300465145
R-BOCPD-PF-nodiscrepancy,0.001,20,404,0.01346634280668128,1.1653236806841518,0.6607960652747272
R-BOCPD-PF-OGP,0.001,20,505,0.01902493070071653,0.3226267402753361,0.1795664300844875
PF-OGP,0.001,20,505,0.021911318984803994,0.5412404523987993,0.3050514152456885
BOCPD-PF,0.001,20,505,0.12719532186955482,0.3791630979966663,0.2087752734661449
R-BOCPD-PF-usediscrepancy,0.001,20,505,0.08612523942491304,0.34071062831061416,0.1872723581479704
R-BOCPD-PF-nodiscrepancy,0.001,20,505,0.01389417071274761,1.181783643658591,0.6692124534659347
R-BOCPD-PF-OGP,0.0015,20,101,0.017027711737335447,0.4095116064330312,0.22439213359717036
PF-OGP,0.0015,20,101,0.03268538213912092,0.7824430285645321,0.4398225306730635
BOCPD-PF,0.0015,20,101,0.11275075205296703,0.46949031548602904,0.2581426323404525
R-BOCPD-PF-usediscrepancy,0.0015,20,101,0.077688545559869,0.405406980919301,0.2255758699447382
R-BOCPD-PF-nodiscrepancy,0.0015,20,101,0.014023119606634157,1.5145873507101262,0.8539223128638306
R-BOCPD-PF-OGP,0.0015,20,202,0.015461147685240676,0.3932982474393599,0.21382430060811447
PF-OGP,0.0015,20,202,0.03335959336231893,0.7441468746837864,0.4173447932223725
BOCPD-PF,0.0015,20,202,0.1031730578231652,0.4526471686883499,0.24877643274018393
R-BOCPD-PF-usediscrepancy,0.0015,20,202,0.07104067385410315,0.39421891062555403,0.21785757884356668
R-BOCPD-PF-nodiscrepancy,0.0015,20,202,0.016060676922397137,1.5113230706260086,0.8463174856855311
R-BOCPD-PF-OGP,0.0015,20,303,0.01457013129455488,0.410595602742151,0.2232873419106853
PF-OGP,0.0015,20,303,0.031111621306403523,0.754855624721477,0.4252275748091743
BOCPD-PF,0.0015,20,303,0.09770536108634276,0.44506207788774826,0.2431458251670928
R-BOCPD-PF-usediscrepancy,0.0015,20,303,0.07049352830530249,0.3879536933022073,0.21280740609201138
R-BOCPD-PF-nodiscrepancy,0.0015,20,303,0.013148740835423984,1.5148202077529893,0.8511850838198228
R-BOCPD-PF-OGP,0.0015,20,404,0.01651395583202092,0.3847680575790514,0.21069053245517785
PF-OGP,0.0015,20,404,0.03375912737668724,0.7627903138609043,0.4288023327970391
BOCPD-PF,0.0015,20,404,0.11969457780809285,0.46766063129785485,0.255534130803731
R-BOCPD-PF-usediscrepancy,0.0015,20,404,0.09479081974167641,0.40830663413483076,0.22414139480542092
R-BOCPD-PF-nodiscrepancy,0.0015,20,404,0.013700981732362396,1.4841196552045717,0.8374902604778925
R-BOCPD-PF-OGP,0.0015,20,505,0.0145634315692241,0.39831994632045553,0.21771039166169723
PF-OGP,0.0015,20,505,0.03419894687964866,0.7797988142504448,0.4356778341628901
BOCPD-PF,0.0015,20,505,0.1149945360295314,0.46112704055322057,0.25203225693234427
R-BOCPD-PF-usediscrepancy,0.0015,20,505,0.08153937564284928,0.40608787859152057,0.22128648683908433
R-BOCPD-PF-nodiscrepancy,0.0015,20,505,0.012417906692697501,1.528785160729342,0.8605479887116855
R-BOCPD-PF-OGP,0.002,20,101,0.014565303579677693,0.4882264119279374,0.26578208258861113
PF-OGP,0.002,20,101,0.06520540503398276,1.0563179957184714,0.6012013561962195
BOCPD-PF,0.002,20,101,0.11920573821254536,0.5730082068839379,0.31594656277784106
R-BOCPD-PF-usediscrepancy,0.002,20,101,0.08214422025694666,0.4952788363023952,0.2730478095087999
R-BOCPD-PF-nodiscrepancy,0.002,20,101,0.01352080883410645,1.7825160435137468,1.0091150251367516
R-BOCPD-PF-OGP,0.002,20,202,0.015089784136503205,0.4728245290937238,0.2585524561014098
PF-OGP,0.002,20,202,0.06309168518970619,1.0151289514219934,0.5838409431488791
BOCPD-PF,0.002,20,202,0.11883296202820519,0.560339211878798,0.30906334465092655
R-BOCPD-PF-usediscrepancy,0.002,20,202,0.09185269568392938,0.4910181027272892,0.27144268430051577
R-BOCPD-PF-nodiscrepancy,0.002,20,202,0.016523674801701384,1.763809893040529,1.002835090137009
R-BOCPD-PF-OGP,0.002,20,303,0.01204037447988432,0.4711093988853808,0.25334269084977457
PF-OGP,0.002,20,303,0.06318088892107207,1.0303128476022307,0.5895871017072266
BOCPD-PF,0.002,20,303,0.10531098902029214,0.5485542507087265,0.29903133767022283
R-BOCPD-PF-usediscrepancy,0.002,20,303,0.0844537626551839,0.47989784210745706,0.26190344364016294
R-BOCPD-PF-nodiscrepancy,0.002,20,303,0.01232601241633955,1.7830713888916996,1.0087988337694431
R-BOCPD-PF-OGP,0.002,20,404,0.015513377805753842,0.4538975185945041,0.24714523192566307
PF-OGP,0.002,20,404,0.057852117585879506,1.0322356435891196,0.5981875154167476
BOCPD-PF,0.002,20,404,0.12362044676338566,0.5618757775984103,0.3087988709240939
R-BOCPD-PF-usediscrepancy,0.002,20,404,0.09364893476241654,0.49453541078288416,0.27152445591341395
R-BOCPD-PF-nodiscrepancy,0.002,20,404,0.01615658786403479,1.7717586769605431,1.006533028165665
R-BOCPD-PF-OGP,0.002,20,505,0.012124018865612454,0.4740800255920906,0.25534436517436954
PF-OGP,0.002,20,505,0.06400049809398786,1.0301591033453183,0.591406393207909
BOCPD-PF,0.002,20,505,0.11796483945557751,0.5629902744970071,0.3060636879397449
R-BOCPD-PF-usediscrepancy,0.002,20,505,0.0852547268821095,0.4995884700234742,0.27026557002752194
R-BOCPD-PF-nodiscrepancy,0.002,20,505,0.015135796134177867,1.7833340234540034,1.0077033297945923
R-BOCPD-PF-OGP,0.0025,20,101,0.015100622570756573,0.5514119354801302,0.2995235103873932
PF-OGP,0.0025,20,101,0.10304134295633373,1.3052900415674298,0.7706049664151651
BOCPD-PF,0.0025,20,101,0.12270140240346027,0.6753758278620505,0.3727217364725213
R-BOCPD-PF-usediscrepancy,0.0025,20,101,0.08817578368462922,0.5850801829524979,0.3227187551905497
R-BOCPD-PF-nodiscrepancy,0.0025,20,101,0.014736922597779914,1.890026008225263,1.0750832959322543
R-BOCPD-PF-OGP,0.0025,20,202,0.015051915411787733,0.5599200727832984,0.3080772862514561
PF-OGP,0.0025,20,202,0.1088611110264049,1.2764472466970642,0.7647512319807206
BOCPD-PF,0.0025,20,202,0.11599209115566529,0.6515321216296656,0.3625537203471893
R-BOCPD-PF-usediscrepancy,0.0025,20,202,0.09918682883568672,0.5869081342822394,0.32453669121441747
R-BOCPD-PF-nodiscrepancy,0.0025,20,202,0.02128567537927848,1.8581423613138222,1.0584671868199773
R-BOCPD-PF-OGP,0.0025,20,303,0.013410978916713362,0.5481215115042697,0.29909655469643387
PF-OGP,0.0025,20,303,0.09283327729033347,1.2320975272518946,0.7245475932509422
BOCPD-PF,0.0025,20,303,0.11343827289778971,0.6461685552760142,0.35564617366876916
R-BOCPD-PF-usediscrepancy,0.0025,20,303,0.07819682920785967,0.5873040837489951,0.32328723266878456
R-BOCPD-PF-nodiscrepancy,0.0025,20,303,0.017861254531911685,1.8720133076324674,1.0610834405689258
R-BOCPD-PF-OGP,0.0025,20,404,0.014760132878960854,0.5562862741011005,0.297453352984581
PF-OGP,0.0025,20,404,0.0970594208957262,1.2517452669541258,0.7286488954332372
BOCPD-PF,0.0025,20,404,0.11898494256750512,0.6578737683205266,0.3606428280753538
R-BOCPD-PF-usediscrepancy,0.0025,20,404,0.08085169513858792,0.5937681831436017,0.3242795988181718
R-BOCPD-PF-nodiscrepancy,0.0025,20,404,0.018061889475764415,1.8830003550527428,1.0747070141869182
R-BOCPD-PF-OGP,0.0025,20,505,0.01288257646193441,0.5643639840434941,0.3066809201507579
PF-OGP,0.0025,20,505,0.10412374956066342,1.2721381116256125,0.7410818562863857
BOCPD-PF,0.0025,20,505,0.12529517055013273,0.6749839609853336,0.3692850133860285
R-BOCPD-PF-usediscrepancy,0.0025,20,505,0.07849824255575832,0.6206416018022718,0.3391765166152669
R-BOCPD-PF-nodiscrepancy,0.0025,20,505,0.017540594587565236,1.8789798869252274,1.0651391570639215
